progress,x,y
0.00025,412.82096045431945,-202.54932986538137
0.00075,409.9506617685369,-202.3379391843778
0.00125,407.0838830947018,-202.12285316287242
0.00175,404.2280363205082,-201.91124025964663
0.00225,401.36633381154763,-201.69069187254985
0.00275,398.4960143934578,-201.47343617995023
0.00325,395.63052674961705,-201.251876096947
0.00375,392.7645052442407,-201.0225786059076
0.00425,389.89518813426145,-200.79056389170273
0.00475,387.0264765367192,-200.5633519101359
0.00525,384.16034750446113,-200.3319002972327
0.00575,381.3034847593631,-200.1104581719955
0.00625,378.4388073400082,-199.88142130563605
0.00675,375.5680188095423,-199.65525643108407
0.00725,372.7031597929306,-199.41302333411014
0.00775,369.83144124925957,-199.1683215797242
0.00825,366.9579657257735,-198.93568575629465
0.00875,364.09636925026564,-198.69721801435912
0.00925,361.23669183091084,-198.4571776917785
0.00975,358.37296800521756,-198.22047140994488
0.01025,355.5092753057269,-197.98116410943555
0.01075,352.63730257398186,-197.73192944782897
0.01125,349.76523584406414,-197.49625107970752
0.01175,346.8987227872285,-197.24368741247494
0.01225,344.0319928694549,-196.9928145471998
0.01275,341.16567715858275,-196.75427960096323
0.01325,338.3015299943407,-196.51178539898137
0.01375,335.436367298438,-196.27201731970666
0.01425,332.585209498023,-196.02902354494717
0.01475,329.7056396055499,-195.778038825083
0.01525,326.8187401748098,-195.52734280990273
0.01575,323.9558086524556,-195.2765987771453
0.01625,321.0972943506775,-195.026944549863
0.01675,318.2294769577328,-194.78781155608823
0.01725,315.3462977989725,-194.542330057037
0.01775,312.4721580140262,-194.294894573166
0.01825,309.61042098050314,-194.04646478189468
0.01875,306.74433156341206,-193.8015445781595
0.01925,303.8706850816161,-193.56219917163247
0.01975,301.002420492249,-193.30168384156156
0.02025,298.1382851875895,-193.06289889532496
0.02075,295.27167079093476,-192.8107707591243
0.02125,292.3907193611268,-192.56507216729366
0.02175,289.5159478557505,-192.31097539310008
0.02225,286.6506551436836,-192.06559904901408
0.02275,283.784538687669,-191.82210159570337
0.02325,280.92209320013615,-191.57747760688883
0.02375,278.0587464259426,-191.32149373592108
0.02425,275.18304302092463,-191.06643459613616
0.02475,272.305743140399,-190.8086344169247
0.02525,269.42828920089073,-190.5518149488998
0.02575,266.5579128568047,-190.29779881986752
0.02625,263.69813353288873,-190.05348509437732
0.02675,260.8374256475841,-189.78783097251352
0.02725,257.97164449641394,-189.5508310723837
0.02775,255.11395948692626,-189.29045156574233
0.02825,252.2511832025774,-189.02880730050936
0.02875,249.3781686770162,-188.76745849839654
0.02925,246.49891836908319,-188.50440446863524
0.02975,243.61860215516126,-188.24422620038396
0.03025,240.75048071303604,-187.98984090127283
0.03075,237.88991777818467,-187.735443368066
0.03125,235.0270145523782,-187.48278049646575
0.03175,232.1565028842135,-187.22243095087498
0.03225,229.28721296111354,-186.95132738550996
0.03275,226.425029216648,-186.68539759423862
0.03325,223.55848202429436,-186.42384741502713
0.03375,220.6813688223828,-186.16916103509885
0.03425,217.80212716986438,-185.90599974477627
0.03475,214.93347974485022,-185.64125016922446
0.03525,212.10807629314698,-184.94446838554325
0.03575,209.28783659780646,-184.24272913823145
0.03625,206.4543652510426,-183.63598213538876
0.03675,203.620141100463,-183.09085354329923
0.03725,200.78059912362266,-182.58611408920493
0.03775,197.92877594560593,-182.12480226124794
0.03825,195.0708810830014,-181.67881516447375
0.03875,192.20997576715837,-181.253444320484
0.03925,189.35432494655848,-180.83995875172337
0.03975,186.503458214724,-180.45298709971945
0.04025,183.64930648234645,-180.05445663376963
0.04075,180.79732662230208,-179.65774388415366
0.04125,177.94996103090423,-179.25776001318593
0.04175,175.10057856144786,-178.88943084110963
0.04225,172.24359710593907,-178.53788650575044
0.04275,169.3805797531354,-178.18607559905956
0.04325,166.51472330302846,-177.80152151936315
0.04375,163.6423645387342,-177.45010318859
0.04425,160.77495407709625,-177.09749909771764
0.04475,157.91739575476714,-176.7305362605171
0.04525,155.07030474094225,-176.34877742795183
0.04575,152.2185337099492,-175.98943776950782
0.04625,149.3609530647879,-175.636324866282
0.04675,146.5072179204755,-175.2766417876176
0.04725,143.6609542950726,-174.90027654069948
0.04775,140.8042525527921,-174.56356099817748
0.04825,137.93864893597882,-174.2199979483241
0.04875,135.0721316122034,-173.8621126436646
0.04925,132.2091507280935,-173.49916999133487
0.04975,129.35346569439486,-173.1286421320973
0.05025,126.49731276727422,-172.7624503758249
0.05075,123.60062049896905,-172.86563317152383
0.05125,120.69826162800129,-172.94386704249158
0.05175,117.80720489830163,-172.91107282669626
0.05225,114.92080221297421,-172.84320117624395
0.05275,112.03275244133398,-172.74635577760333
0.05325,109.15602125853829,-172.58318731882196
0.05375,106.28892261431201,-172.40188128796643
0.05425,103.42568598135514,-172.21150260633948
0.05475,100.5550184288835,-172.03145241072423
0.05525,97.68301400433239,-171.80925145378643
0.05575,94.81086346669798,-171.60686435701223
0.05625,91.93430688707689,-171.42259861200455
0.05675,89.05298235139752,-171.22738453575823
0.05725,86.16747018388196,-170.9869431096122
0.05775,83.29020338434454,-170.76235463984034
0.05825,80.42560711105261,-170.50738502787212
0.05875,77.55733607503963,-170.32125599561402
0.05925,74.70442004841394,-170.07387504323307
0.05975,71.84645793883891,-169.85381359930065
0.06025,68.98243165449006,-169.63265589320747
0.06075,66.1037834210031,-169.44657015099267
0.06125,63.22987450259704,-169.2209382724348
0.06175,60.360658316971694,-169.00373283949767
0.06225,57.48065690214429,-168.78381914396851
0.06275,54.58898114504076,-168.5897222139389
0.06325,51.72078303490717,-168.3549323801168
0.06375,48.85899417860219,-168.1349147848089
0.06425,45.99184364096779,-167.92339865577662
0.06475,43.12842070189968,-167.70677141563326
0.06525,40.27108932360056,-167.51063260820413
0.06575,37.407887412011554,-167.31179465310132
0.06625,34.54080258524931,-167.08670504736656
0.06675,31.6705098731824,-166.87327852406906
0.06725,28.791211627568366,-166.6902598483475
0.06775,25.911555497997124,-166.4707643353715
0.06825,23.034320396382846,-166.24485393193945
0.06875,20.158155521830878,-166.03048117208283
0.06925,17.279803747897052,-165.83157358286667
0.06975,14.400783141352228,-165.63240849747768
0.07025,11.529508921831166,-165.40754641239118
0.07075,8.659206981020883,-165.19113774366053
0.07125,5.79049730360153,-164.97098451785408
0.07175,2.930324065847648,-164.7266941952734
0.07225,0.06376801295882806,-164.51871302533982
0.07275,-2.8026656233140184,-164.30171512261336
0.07325,-5.6735965797373344,-164.06219559799536
0.07375,-8.555948516927982,-163.84194470193802
0.07425,-11.435981372364061,-163.6077511535509
0.07475,-14.318771097573142,-163.39074398509212
0.07525,-17.197863092794172,-163.14357552631077
0.07575,-20.077483586152805,-162.929247253066
0.07625,-22.94452975946084,-162.6810292092502
0.07675,-25.8157505058239,-162.4474428714893
0.07725,-28.69086526404562,-162.21789561625445
0.07775,-31.55874160813164,-161.98404520512224
0.07825,-34.41847525069261,-161.74415484037422
0.07875,-37.28332871896164,-161.51979683910918
0.07925,-40.149529435807516,-161.2784133265644
0.07975,-43.0210178342229,-161.04950500737934
0.08025,-45.89643423734329,-160.81055919249422
0.08075,-48.778572827546405,-160.56966313514656
0.08125,-51.6583957244471,-160.33627254291645
0.08175,-54.538132252146276,-160.10216577060933
0.08225,-57.41538946327445,-159.8682282386073
0.08275,-60.28250887470627,-159.63070701619642
0.08325,-63.153250244259176,-159.39512127765653
0.08375,-66.02483468448688,-159.167334275759
0.08425,-68.89085829823344,-158.9307350769397
0.08475,-71.75571528045286,-158.70448797594875
0.08525,-74.61757486299555,-158.4530268753795
0.08575,-77.48133900664585,-158.21914958252688
0.08625,-80.34187031594377,-157.98575299808664
0.08675,-83.21381428877908,-157.75693508637187
0.08725,-86.0923686495915,-157.51689924407793
0.08775,-88.96540203951793,-157.26624771606436
0.08825,-91.8332072261087,-157.03091775612342
0.08875,-94.70287867174788,-156.79574571311267
0.08925,-97.56824517677285,-156.55602190961275
0.08975,-100.4281242090309,-156.3123122321934
0.09025,-103.29060927474177,-156.0770075726952
0.09075,-106.15518162698015,-155.84311341288074
0.09125,-109.01489067188844,-155.59039994039497
0.09175,-111.87164378173453,-155.356537827808
0.09225,-114.73163579212104,-155.1154232767244
0.09275,-117.59446171101905,-154.86520822296097
0.09325,-120.46505310886852,-154.62661239753402
0.09375,-123.33756259653455,-154.38887283396667
0.09425,-126.21404724057136,-154.13588316498078
0.09475,-129.0905481366287,-153.89709732268688
0.09525,-131.96078016832087,-153.6498307692064
0.09575,-134.831368403615,-153.40774348267888
0.09625,-137.7004126091108,-153.16980083034915
0.09675,-140.56422298895032,-152.9172831033942
0.09725,-143.42844554129897,-152.68049829864037
0.09775,-146.2922839799002,-152.43029499151106
0.09825,-149.15747922608017,-152.1900848896435
0.09875,-152.01558147093962,-151.9478287115639
0.09925,-154.8740940157425,-151.69436544991515
0.09975,-157.740254673554,-151.45759125636675
0.10025,-160.6113122986414,-151.20453822530715
0.10075,-163.48904790901457,-150.9673086237891
0.10125,-166.36266429105126,-150.7227853790073
0.10175,-169.23805961046935,-150.47671327274546
0.10225,-172.10835156426273,-150.23211325277143
0.10275,-174.97531691671196,-149.99021361119435
0.10325,-177.84526912698675,-149.74269120976066
0.10375,-180.71926106247062,-149.50454156818358
0.10425,-183.58664457501544,-149.2556526792947
0.10475,-186.45258780714698,-149.0189472713251
0.10525,-189.3159930886144,-148.77337801136304
0.10575,-192.1857660874197,-148.52488338770712
0.10625,-195.05793208643578,-148.2840463647259
0.10675,-197.92684627576745,-148.04759348680054
0.10725,-200.80242446856124,-147.80112602783052
0.10775,-203.67707429878195,-147.5656846016845
0.10825,-206.55050883388634,-147.327799297025
0.10875,-209.4165398269287,-147.07781827235706
0.10925,-212.28410490898867,-146.8401378818647
0.10975,-215.1541691264319,-146.6068538316855
0.11025,-218.0276870947398,-146.3622761576617
0.11075,-220.8996036032787,-146.11875273810716
0.11125,-223.7689900675418,-145.88281345916977
0.11175,-226.6416529391421,-145.63666798162393
0.11225,-229.51179654412226,-145.39841246379706
0.11275,-232.376126873028,-145.16093381104565
0.11325,-235.24222427973265,-144.91565866873066
0.11375,-238.1113577395682,-144.67862119244984
0.11425,-240.9762322915395,-144.43568212434946
0.11475,-243.83870163694607,-144.19677059822232
0.11525,-246.70782843877035,-143.95966483571357
0.11575,-249.57750452652292,-143.72304044741838
0.11625,-252.44338221885624,-143.4816941975432
0.11675,-255.3183672845671,-143.23070405417403
0.11725,-258.1922066267556,-142.99566800104313
0.11775,-261.0639875972083,-142.7497368543909
0.11825,-263.9451106557507,-142.50916337768837
0.11875,-266.82132780031463,-142.26970997267046
0.11925,-269.69009361309134,-142.0261876766553
0.11975,-272.5563878010174,-141.78146492734052
0.12025,-275.4153259730604,-141.53739234669536
0.12075,-278.27961240070454,-141.29809743008693
0.12125,-281.14263861477434,-141.05868566538106
0.12175,-284.0050468755697,-140.81496318714244
0.12225,-286.87889043449866,-140.57581834210768
0.12275,-289.7473813962484,-140.33759003890182
0.12325,-292.6201700547225,-140.0882582416668
0.12375,-295.4963876385303,-139.84424601311946
0.12425,-298.36893665813807,-139.61274696188607
0.12475,-301.2372049094114,-139.36819348141069
0.12525,-304.1078437039785,-139.11535604507793
0.12575,-306.9778859823499,-138.874053738077
0.12625,-309.84061702458763,-138.6320781951717
0.12675,-312.6998833117476,-138.38342544374854
0.12725,-315.5645518184465,-138.14607336508715
0.12775,-318.43646042059703,-137.90607336508717
0.12825,-321.30536933900305,-137.64754395332247
0.12875,-324.17810811193164,-137.41570334611185
0.12925,-327.0431568818641,-137.16473360677298
0.12975,-329.9209183676901,-136.91839929592254
0.13025,-332.8022426461281,-136.6812515879429
0.13075,-335.678530139054,-136.42547137494708
0.13125,-338.5548988227282,-136.1785643540742
0.13175,-341.4220097451956,-135.9332180043289
0.13225,-344.284691090135,-135.69262404631556
0.13275,-347.1559558110772,-135.45144432281324
0.13325,-350.0268118367719,-135.20122228678477
0.13375,-352.88800657990214,-134.95834415058408
0.13425,-355.7439280255413,-134.70815597854107
0.13475,-358.60516413288747,-134.4704167538189
0.13525,-361.4741365899055,-134.22950248781925
0.13575,-364.3569965712052,-133.98567359581364
0.13625,-367.24375378682487,-133.74194330233803
0.13675,-370.126378707761,-133.50129055091486
0.13725,-372.99627118087926,-133.26414769377203
0.13775,-375.85907402992905,-133.02004242192976
0.13825,-378.7320210044178,-132.77538872174
0.13875,-381.5996465688176,-132.5474917799721
0.13925,-384.4599881247948,-132.30282549831216
0.13975,-387.3241070368758,-132.0675055742135
0.14025,-390.1864679531918,-131.8254775237226
0.14075,-393.0504903562517,-131.59849432601754
0.14125,-395.916405916024,-131.36602753284865
0.14175,-398.7884994736014,-131.13152518931406
0.14225,-401.66251591888926,-130.9046227225209
0.14275,-404.5280546812022,-130.6731541910524
0.14325,-407.38972085005923,-130.4416995912913
0.14375,-410.2598116917352,-130.21919124868842
0.14425,-413.1271717779441,-129.99129610496783
0.14475,-416.00474813298365,-129.7657120094533
0.14525,-418.8796748192006,-129.54442925474706
0.14575,-421.7475670191108,-129.31502933670944
0.14625,-424.61188153523983,-129.0980718587036
0.14675,-427.46932478494114,-128.8763299232197
0.14725,-430.329093918401,-128.65146654561062
0.14775,-433.19417743509746,-128.43197719450836
0.14825,-436.05945487601156,-128.20211786877468
0.14875,-438.9247312961267,-127.984157621137
0.14925,-441.78663282414027,-127.75861093183309
0.14975,-444.6555972874783,-127.53397727341849
0.15025,-447.52784261361825,-127.29172482877422
0.15075,-450.39428195072526,-127.05176711207233
0.15125,-453.24951336727503,-126.79685048436467
0.15175,-456.09750308209505,-126.52247861499981
0.15225,-458.9426150892635,-126.23105119564498
0.15275,-461.7853728977632,-125.90019036615189
0.15325,-464.6209466036364,-125.53942530276328
0.15375,-467.4401869461294,-125.13899220837857
0.15425,-470.24225928239525,-124.67592475969822
0.15475,-473.02348048055194,-124.1644816621226
0.15525,-475.7794613646619,-123.5765914419485
0.15575,-478.49392320242146,-122.91288380045185
0.15625,-481.1515335101708,-122.16097056352193
0.15675,-483.73664999762605,-121.32204583233914
0.15725,-486.2453680819391,-120.40161016541485
0.15775,-488.67703386723787,-119.39640699249047
0.15825,-491.0334369932183,-118.31073830078174
0.15875,-493.31294883602516,-117.14543647626724
0.15925,-495.5243196878977,-115.90372102854754
0.15975,-497.67596103738845,-114.57793164469363
0.16025,-499.77855495374973,-113.17635056218597
0.16075,-501.8438283143434,-111.70466730970543
0.16125,-503.89042718080884,-110.1804019354801
0.16175,-505.93013765741443,-108.61414866608169
0.16225,-507.9714100588481,-107.02193002808885
0.16275,-510.01684061816854,-105.41902842873944
0.16325,-512.0613764394978,-103.82210537183563
0.16375,-514.1023746002223,-102.2324428081684
0.16425,-516.143943953134,-100.66441875914539
0.16475,-518.187702094006,-99.11372940134228
0.16525,-520.2260554323404,-97.61272106102192
0.16575,-522.2581740218548,-96.13862383383263
0.16625,-524.2901019257058,-94.6942734493615
0.16675,-526.3202576542931,-93.29003787897466
0.16725,-528.3661491478704,-91.87786596953768
0.16775,-530.4147468181213,-90.51798693727962
0.16825,-532.4666126655356,-89.22821796646548
0.16875,-534.5280947983834,-88.00711801428949
0.16925,-536.5994765083333,-86.86505110867418
0.16975,-538.6810470524845,-85.80611464728611
0.17025,-540.7805904899312,-84.84245489306186
0.17075,-542.9065266565125,-83.97610363858155
0.17125,-545.0709560703176,-83.22169156782194
0.17175,-547.285111216247,-82.58087129132424
0.17225,-549.5686103201896,-82.05215489347478
0.17275,-551.925263510457,-81.6306991011819
0.17325,-554.3602383247021,-81.32241488407696
0.17375,-556.8713223248456,-81.12408053408235
0.17425,-559.4574314272988,-81.0281860738626
0.17475,-562.1053984971913,-81.05212760612065
0.17525,-564.81291311146,-81.182583955327
0.17575,-567.5646179579614,-81.42814075757104
0.17625,-570.3433193841679,-81.77667355614223
0.17675,-573.1394074538043,-82.21234790330044
0.17725,-575.9451711151298,-82.72229138404481
0.17775,-578.7498206571449,-83.28839054772463
0.17825,-581.549756368586,-83.89519614594958
0.17875,-584.343704192192,-84.52744743431064
0.17925,-587.1341043162615,-85.18210934498062
0.17975,-589.9182028247595,-85.84398572375274
0.18025,-592.7042328640155,-86.51752131003025
0.18075,-595.49879448519,-87.17024354036158
0.18125,-598.2980049521424,-87.83077967089773
0.18175,-601.0959486466259,-88.49548557903236
0.18225,-603.8963636376413,-89.1546453291821
0.18275,-606.6901168378462,-89.86215330507717
0.18325,-609.482945818901,-90.56186528664401
0.18375,-612.2783432132231,-91.24843808063613
0.18425,-615.0760512828705,-91.91885849592023
0.18475,-617.878691568448,-92.57652598971677
0.18525,-620.6888414544043,-93.22199031034236
0.18575,-623.4984971511567,-93.85702941102664
0.18625,-626.3038320873752,-94.47275531765858
0.18675,-629.1177412098172,-95.07797404814764
0.18725,-631.9332967653727,-95.67312612188037
0.18775,-634.7469553675234,-96.26026402510617
0.18825,-637.5683913716856,-96.83706186826197
0.18875,-640.3895220331389,-97.39486245477224
0.18925,-643.2152041929261,-97.94143373468899
0.18975,-646.0425824721309,-98.47420770916735
0.19025,-648.8692757283254,-98.97956009345907
0.19075,-651.7049276100458,-99.46986923324401
0.19125,-654.5396625657145,-99.93725010477768
0.19175,-657.3829996068714,-100.3744950435986
0.19225,-660.2320497860828,-100.79354880703944
0.19275,-663.0806061530607,-101.18266715109323
0.19325,-665.9329817006512,-101.55494791572883
0.19375,-668.7884376942793,-101.90168735311343
0.19425,-671.6486698158017,-102.22799901039284
0.19475,-674.5120043307493,-102.53012473413146
0.19525,-677.3832301372008,-102.81396872240126
0.19575,-680.2531589915948,-103.07025661956352
0.19625,-683.1219038220332,-103.3170473557091
0.19675,-685.9965087586925,-103.52735034643653
0.19725,-688.8742447440723,-103.72580884446025
0.19775,-691.7544153940222,-103.89681184824762
0.19825,-694.6256519531619,-104.0608614760392
0.19875,-697.4954334858467,-104.19520863425731
0.19925,-700.3679093745451,-104.31116105231352
0.19975,-703.2390797033592,-104.40606365477574
0.20025,-706.1085698905913,-104.48288296449827
0.20075,-708.9800752669354,-104.54329645423435
0.20125,-711.8622611813794,-104.5749009787421
0.20175,-714.7513962912437,-104.60337783708711
0.20225,-717.6329972470382,-104.61530328511577
0.20275,-720.5101682659836,-104.6010682620743
0.20325,-723.3870126349705,-104.57201291402677
0.20375,-726.2640409829665,-104.52691027473058
0.20425,-729.1439357561251,-104.47655836857223
0.20475,-732.0197038052802,-104.40582872187483
0.20525,-734.8956014346584,-104.31963932364809
0.20575,-737.7761460816896,-104.22676274580797
0.20625,-740.652355759109,-104.1139455415069
0.20675,-743.5360258213614,-103.99147864846785
0.20725,-746.4164559288884,-103.86672165922053
0.20775,-749.2873460125204,-103.72028438323488
0.20825,-752.1589472280416,-103.57784679557709
0.20875,-755.0284155673487,-103.41837367729752
0.20925,-757.8944251252938,-103.25104881577911
0.20975,-760.7612454017915,-103.07525772514931
0.21025,-763.6286801176132,-102.89967265241054
0.21075,-766.4925510853552,-102.70717705123752
0.21125,-769.3611419172737,-102.51148944512546
0.21175,-772.2271365409296,-102.30209876412187
0.21225,-775.0858235811106,-102.09914460452934
0.21275,-777.9473016898723,-101.87442937069696
0.21325,-780.8062250894528,-101.65603328560758
0.21375,-783.6676710430465,-101.41906214808635
0.21425,-786.5350011065565,-101.17897159913333
0.21475,-789.4067506260619,-100.93829994571274
0.21525,-792.2713862294073,-100.68109564463747
0.21575,-795.1348245172089,-100.41480918067697
0.21625,-797.9999977549628,-100.15194538139383
0.21675,-800.8550498116279,-99.87040928308353
0.21725,-803.7143329657497,-99.58007441365189
0.21775,-806.5723019024282,-99.27948660003182
0.21825,-809.4230142680196,-98.97378498712858
0.21875,-812.2781307983485,-98.65683329705296
0.21925,-815.1327280037995,-98.32832717319579
0.21975,-817.9766748728698,-97.98746695814202
0.22025,-820.8262886220627,-97.63436070021109
0.22075,-823.6805018485719,-97.2608397219273
0.22125,-826.5302867948085,-96.87933165741117
0.22175,-829.3738735843631,-96.47727174957706
0.22225,-832.217937467981,-96.05799091466245
0.22275,-835.0566471454003,-95.62917371036139
0.22325,-837.8912274918758,-95.186046470218
0.22375,-840.7198066009389,-94.70673157006439
0.22425,-843.5529536949018,-94.21446085532689
0.22475,-846.3784495133009,-93.70805942163514
0.22525,-849.1990844339359,-93.17810550458444
0.22575,-852.0176029524544,-92.61143251280708
0.22625,-854.8333018771856,-92.03715025474257
0.22675,-857.641838002445,-91.44635795140357
0.22725,-860.4403382854105,-90.80799537830416
0.22775,-863.2374919856003,-90.15260538529508
0.22825,-866.0297054414409,-89.48689281164083
0.22875,-868.8125854751748,-88.77968429382508
0.22925,-871.5935335759772,-88.05015068751331
0.22975,-874.365237028156,-87.2980624022841
0.23025,-877.1277967653125,-86.50948265318016
0.23075,-879.8847719568228,-85.71052207970345
0.23125,-882.6324799364493,-84.87534381145218
0.23175,-885.369267483009,-84.00443721225336
0.23225,-888.0991360612647,-83.12228667461896
0.23275,-890.8103666466889,-82.208313300323
0.23325,-893.5162743000728,-81.26432595054438
0.23375,-896.2295941925461,-80.29009207957664
0.23425,-898.9325634007571,-79.29023137576432
0.23475,-901.6158572021486,-78.2645292884778
0.23525,-904.2917039763422,-77.20825240675737
0.23575,-906.9518956546965,-76.12634637590182
0.23625,-909.5993102657022,-75.02690140436482
0.23675,-912.2330199431217,-73.89426968393471
0.23725,-914.8624439062552,-72.74932959176881
0.23775,-917.4751174306734,-71.55953232821145
0.23825,-920.0842213733258,-70.34017748950177
0.23875,-922.6843557819279,-69.10711297337272
0.23925,-925.2710514637849,-67.85425583051558
0.23975,-927.839868668086,-66.56882888554405
0.24025,-930.4070849165925,-65.2604991364401
0.24075,-932.9630564987738,-63.92761319173965
0.24125,-935.4979653996102,-62.58227717023427
0.24175,-938.0217407879016,-61.202541507151835
0.24225,-940.5353891561341,-59.79126250319032
0.24275,-943.0414408444948,-58.37566091858365
0.24325,-945.5267961048785,-56.93775832528826
0.24375,-947.9961087761835,-55.46697401156277
0.24425,-950.459085794948,-53.98640264323049
0.24475,-952.904774177828,-52.469265810002575
0.24525,-955.3461503887538,-50.939496510092454
0.24575,-957.7663116790764,-49.3837303810602
0.24625,-960.1708657587728,-47.805141671382785
0.24675,-962.5585171453038,-46.217087342010956
0.24725,-964.9383745428081,-44.59833281380672
0.24775,-967.3117616395823,-42.94772797509704
0.24825,-969.6681449814496,-41.28044174877856
0.24875,-972.0031109839797,-39.59856081898728
0.24925,-974.3143760061175,-37.90088529716565
0.24975,-976.6095641781604,-36.171514329423715
0.25025,-978.8963652534294,-34.4186003509291
0.25075,-981.173717403967,-32.65009228641296
0.25125,-983.4282335329992,-30.86500626490759
0.25175,-985.6590429714701,-29.0549256197463
0.25225,-987.8853870574915,-27.212097662757053
0.25275,-990.0948673442298,-25.34650626490759
0.25325,-992.2771698747497,-23.47917422513073
0.25375,-994.4387806696052,-21.59317802019714
0.25425,-996.5810073721142,-19.668867984354847
0.25475,-998.7105772645873,-17.721161891164883
0.25525,-1000.8233202542563,-15.760106862701887
0.25575,-1002.9168208516278,-13.783834461268196
0.25625,-1004.9844283785096,-11.791132848364967
0.25675,-1007.0358080432787,-9.775020419522463
0.25725,-1009.0595460958474,-7.73491737292748
0.25775,-1011.0680350601938,-5.68001075153529
0.25825,-1013.0587979890211,-3.6052242692004226
0.25875,-1015.0387178709525,-1.510071834032807
0.25925,-1016.9969826822535,0.6070375903821198
0.25975,-1018.9308694627721,2.7467126378204503
0.26025,-1020.8407788028521,4.900581497192155
0.26075,-1022.7328526485194,7.072490889981529
0.26125,-1024.6150435087345,9.253458631917013
0.26175,-1026.4735507826117,11.459499903264263
0.26225,-1028.3165000913675,13.683499903264263
0.26275,-1030.120631730338,15.91548035292213
0.26325,-1031.911109941996,18.150172627964572
0.26375,-1033.6828508534145,20.41087923318731
0.26425,-1035.443028571455,22.694530666879064
0.26475,-1037.1897922231524,24.995446542906897
0.26525,-1038.915616595912,27.29520998376711
0.26575,-1040.6080897141917,29.602349768713346
0.26625,-1042.2796697619815,31.934769123552055
0.26675,-1043.9432750750743,34.290516119124476
0.26725,-1045.60516276922,36.65234407611373
0.26775,-1047.2373133068545,39.02895697933953
0.26825,-1048.8354053939788,41.407613720447884
0.26875,-1050.4194299715518,43.791493904779685
0.26925,-1051.987843071559,46.199404509881944
0.26975,-1053.545520868201,48.61872350629771
0.27025,-1055.086791776206,51.051474402355055
0.27075,-1056.602132277998,53.494396061341234
0.27125,-1058.1032075468152,55.946826168868114
0.27175,-1059.5847935683205,58.41380197531973
0.27225,-1061.0457570935155,60.894754958663604
0.27275,-1062.5040232225476,63.3848356038249
0.27325,-1063.9297353523348,65.88417686019162
0.27375,-1065.3428012238444,68.38932459670558
0.27425,-1066.7323437075047,70.91468829057021
0.27475,-1068.1009158137663,73.44450090916604
0.27525,-1069.453442695487,75.9795734898112
0.27575,-1070.7955718858727,78.51190982757211
0.27625,-1072.1078075489554,81.05796627918502
0.27675,-1073.3988693769124,83.62109246514328
0.27725,-1074.6777948987337,86.18888183895731
0.27775,-1075.941149353419,88.77081732282828
0.27825,-1077.1937658408742,91.36139796798957
0.27875,-1078.4142458834854,93.96771375746326
0.27925,-1079.626002155887,96.57790730585035
0.27975,-1080.8175672693874,99.18894673237365
0.28025,-1081.9883557998533,101.80922630226613
0.28075,-1083.1375314270936,104.44982845280376
0.28125,-1084.2782169109646,107.10207307645967
0.28175,-1085.4031153577985,109.75450318398657
0.28225,-1086.51285602826,112.40752026178544
0.28275,-1087.5799169601596,115.07360628329079
0.28325,-1088.6350424081884,117.73377832630155
0.28375,-1089.6808929733938,120.40772373573083
0.28425,-1090.7165784572649,123.09825599379533
0.28475,-1091.7327320871757,125.79330554049574
0.28525,-1092.7236878030783,128.49007973404414
0.28575,-1093.6952962260175,131.1841818845818
0.28625,-1094.6488066624502,133.89185605102256
0.28675,-1095.5855245323937,136.61587755639889
0.28725,-1096.5113117827777,139.33183953796572
0.28775,-1097.4263655462187,142.05255638384386
0.28825,-1098.3096182343907,144.7778278892202
0.28875,-1099.1843270157526,147.51043272792987
0.28925,-1100.0306505451645,150.25627001445736
0.28975,-1100.8712867458812,152.99946893918855
0.29025,-1101.690077068462,155.75200926176922
0.29075,-1102.5021917638023,158.5054286166079
0.29125,-1103.287142480648,161.26874313273694
0.29175,-1104.0633476777807,164.03869474564019
0.29225,-1104.8170478675343,166.81493762989066
0.29275,-1105.5627467922654,169.59655053311647
0.29325,-1106.2875541399355,172.38231397397666
0.29375,-1106.998951989398,175.17199139333152
0.29425,-1107.6891944519743,177.95904515677236
0.29475,-1108.3632625523328,180.74898601698743
0.29525,-1109.0194786301618,183.54600598626547
0.29575,-1109.6563223999278,186.3453418496431
0.29625,-1110.27854462215,189.14478270985813
0.29675,-1110.8955314975453,191.94940083130024
0.29725,-1111.4940126803408,194.76487394957982
0.29775,-1112.0574812129153,197.58862869341283
0.29825,-1112.6201280284652,200.4082581392358
0.29875,-1113.1654634099298,203.22123816995776
0.29925,-1113.6900377826896,206.04043171834488
0.29975,-1114.19922685079,208.8640069871621
0.30025,-1114.6928418179994,211.6965446881508
0.30075,-1115.1761437893256,214.53460920427983
0.30125,-1115.6408749721213,217.3733618924519
0.30175,-1116.0938929535073,220.2061485555042
0.30225,-1116.5217539366101,223.0405437167945
0.30275,-1116.9356556263183,225.88529026057333
0.30325,-1117.3376941567844,228.72569348637978
0.30375,-1117.7306511460315,231.56965585197116
0.30425,-1118.1028957696876,234.4165778949819
0.30475,-1118.4662694256015,237.2618198304658
0.30525,-1118.8093473825907,240.11436015304645
0.30575,-1119.1458348377878,242.96580101326148
0.30625,-1119.4690964865335,245.82279294874536
0.30675,-1119.7842129739886,248.6895590777776
0.30725,-1120.0745310743469,251.5566397229389
0.30775,-1120.3617679045628,254.4166370121772
0.30825,-1120.6293888723048,257.26892733475785
0.30875,-1120.8894605568926,260.11942195841374
0.30925,-1121.139812654721,262.97776477941306
0.30975,-1121.387536669058,265.84579166113355
0.31025,-1121.6181997514952,268.7165819837142
0.31075,-1121.8438429926628,271.5928953477695
0.31125,-1122.0596460384468,274.46261655635215
0.31175,-1122.2679076871923,277.3280762337715
0.31225,-1122.4662926755964,280.1913425209316
0.31275,-1122.6517765465637,283.05327800480256
0.31325,-1122.8444704789756,285.90940127669194
0.31375,-1123.0272307294777,288.76056752979366
0.31425,-1123.2024914619542,291.6353747090321
0.31475,-1123.3846151178682,294.5215843864515
0.31525,-1123.5518757425482,297.40737547708125
0.31575,-1123.7143464354094,300.277033493089
0.31625,-1123.87334285118,303.1339367188955
0.31675,-1124.03169410566,305.99539639631485
0.31725,-1124.1843054727879,308.86240100460975
0.31775,-1124.3470742899922,311.72756229493234
0.31825,-1124.5016729843085,314.60201505990926
0.31875,-1124.650638038072,317.48075161904904
0.31925,-1124.794388038072,320.3570016190491
0.31975,-1124.9411622316202,323.22947473732864
0.32025,-1125.0916998660289,326.099998930877
0.32075,-1125.2441864251687,328.97213602765123
0.32125,-1125.3916416223014,331.8486951674362
0.32175,-1125.527586322762,334.71951890015504
0.32225,-1125.6693201937298,337.5817366420905
0.32275,-1125.8189976130848,340.44642481413354
0.32325,-1125.964542927985,343.31333725652985
0.32375,-1126.1195026054043,346.1823372565299
0.32425,-1126.2665840186146,349.05382112749766
0.32475,-1126.408860355673,351.925944256319
0.32525,-1126.5574087427694,354.80032597674915
0.32575,-1126.7071633609112,357.6664401206697
0.32625,-1126.8560976927083,360.51837560454067
0.32675,-1127.0165122307321,363.3776487033584
0.32725,-1127.1713667531862,366.25339585705854
0.32775,-1127.32075743419,369.1316324161984
0.32825,-1127.47700743419,372.0042361028343
0.32875,-1127.6328446077691,374.8720241212675
0.32925,-1127.7969671116093,377.7448870244933
0.32975,-1127.957267055016,380.60860519087703
0.33025,-1128.1082185264368,383.46785391753235
0.33075,-1128.2709681424121,386.3367940096982
0.33125,-1128.4292630732875,389.203476037348
0.33175,-1128.5885420106688,392.0762502308964
0.33225,-1128.7566423690919,394.94679055347706
0.33275,-1128.9233090357584,397.8207753732114
0.33325,-1129.0816807715496,400.6964262948704
0.33375,-1129.2436207357073,403.5625203808919
0.33425,-1129.4148169722666,406.42370317659083
0.33475,-1129.5830562195783,409.28013597228977
0.33525,-1129.7503277249548,412.140902101322
0.33575,-1129.918970198073,415.0092246819671
0.33625,-1130.0817658969977,417.88272468196715
0.33675,-1130.2588044274637,420.74601500454776
0.33725,-1130.4341500495834,423.61398159440955
0.33775,-1130.6127118775405,426.4848686911838
0.33825,-1130.7862244223434,429.3544708417214
0.33875,-1130.9659027452853,432.2233485863677
0.33925,-1131.1341535133345,435.09102139742754
0.33975,-1131.316420613723,437.949199765549
0.34025,-1131.4984460177348,440.80972419490195
0.34075,-1131.6753680607458,443.6621166680202
0.34125,-1131.8571666086732,446.5235365742788
0.34175,-1132.0422510940803,449.4014075420207
0.34225,-1132.2214119627288,452.2794214572643
0.34275,-1132.3971601567432,455.14071377724827
0.34325,-1132.5782902431865,458.00122231614773
0.34375,-1132.7619819994588,460.86329604886663
0.34425,-1132.9416332147837,463.72951995778504
0.34475,-1133.1245767631708,466.5990441513334
0.34525,-1133.3017273008054,469.47549576423665
0.34575,-1133.486491181834,472.34614847127307
0.34625,-1133.6655595833881,475.20051279764874
0.34675,-1133.851664875945,478.0652593414276
0.34725,-1134.0312628800211,480.92934536293296
0.34775,-1134.2051957571798,483.79457116938454
0.34825,-1134.3839054345995,486.6591024786825
0.34875,-1134.5673225551132,489.5253320555572
0.34925,-1134.7475196877297,492.397568614697
0.34975,-1134.9209590545156,495.26437865053924
0.35025,-1135.1031956136555,498.1342023064533
0.35075,-1135.2822374723346,501.0086742726591
0.35125,-1135.456269730399,503.8743839500784
0.35175,-1135.6361426531753,506.72709362749777
0.35225,-1135.804477208405,509.5870936274978
0.35275,-1135.9770130506986,512.4467038425516
0.35325,-1136.1452224943641,515.3069282464786
0.35375,-1136.3183641493433,518.1630783166048
0.35425,-1136.486572268911,521.0274229648584
0.35475,-1136.6538901076876,523.8971624960145
0.35525,-1136.8202803435909,526.7742051553721
0.35575,-1136.989511809352,529.6431287546931
0.35625,-1137.1621980612722,532.5148914275042
0.35675,-1137.327049637414,535.3847122160346
0.35725,-1137.4928153029682,538.2478312371692
0.35775,-1137.6591568288259,541.1088373815624
0.35825,-1137.8364239677521,543.9735595875222
0.35875,-1138.0135017666137,546.8354596507734
0.35925,-1138.1971935228862,549.7002103839111
0.35975,-1138.3903687284524,552.5701585180035
0.36025,-1138.588419370145,555.4332448863698
0.36075,-1138.8132849615426,558.285946499273
0.36125,-1139.052168419781,561.132303618856
0.36175,-1139.3166176833574,563.9829070344158
0.36225,-1139.6062962527324,566.8256205069015
0.36275,-1139.9347020779123,569.6624760721442
0.36325,-1140.3000728361862,572.4859507265221
0.36375,-1140.71016933467,575.2951517190779
0.36425,-1141.1665525213757,578.0905857366731
0.36475,-1141.6785417686874,580.8734083173183
0.36525,-1142.2495473927224,583.6376210981558
0.36575,-1142.8813033534516,586.3825164698248
0.36625,-1143.5851730138756,589.0993305365635
0.36675,-1144.347807422478,591.8085364918984
0.36725,-1145.1707947147556,594.4926010080275
0.36775,-1146.0878818982153,597.1058633330426
0.36825,-1147.0833952110675,599.6609439782039
0.36875,-1148.1559291054105,602.1480127019065
0.36925,-1149.2903768477809,604.5984605312552
0.36975,-1150.4990188230895,606.9842390207949
0.37025,-1151.7559119224925,609.3519058021334
0.37075,-1153.0721484270775,611.6774713411589
0.37125,-1154.5000048149034,613.9359317020118
0.37175,-1155.993876480872,616.1598860379984
0.37225,-1157.5444392245797,618.3640911071228
0.37275,-1159.1324011575916,620.5566375579117
0.37325,-1160.7601277320925,622.7345427038412
0.37375,-1162.4227999913928,624.905899303767
0.37425,-1164.110185133133,627.0720214934053
0.37475,-1165.8209617161674,629.2297653839234
0.37525,-1167.555267679022,631.37989832625
0.37575,-1169.2967152452147,633.5315144668441
0.37625,-1171.0344039892093,635.6878451120054
0.37675,-1172.7557384987417,637.8525405319803
0.37725,-1174.4627289276677,640.0192932201522
0.37775,-1176.1516916095147,642.1893754465913
0.37825,-1177.8135922198026,644.3660798929731
0.37875,-1179.4540223273293,646.5553149160146
0.37925,-1181.065316957878,648.754755052491
0.37975,-1182.6439930331467,650.96106956862
0.38025,-1184.1898320686632,653.1778892167139
0.38075,-1185.696473186063,655.4183232158509
0.38125,-1187.1612946121045,657.6779033085024
0.38175,-1188.5767586028269,659.9588656070375
0.38225,-1189.9546877833982,662.2419844570418
0.38275,-1191.2795398412402,664.550990018777
0.38325,-1192.5422062560547,666.922944601437
0.38375,-1193.7453843904898,669.3522623619116
0.38425,-1194.8918095112626,671.8470337504109
0.38475,-1195.9981800694195,674.38126454949
0.38525,-1197.0547143953086,676.9658545922545
0.38575,-1198.078813748988,679.560706344276
0.38625,-1199.0584588137733,682.1991188878937
0.38675,-1199.9494172407626,684.9045199368377
0.38725,-1200.7977413419899,687.6371034059373
0.38775,-1201.6021000209453,690.3831402722967
0.38825,-1202.3891844357272,693.1394925979259
0.38875,-1203.1562853455698,695.9129965267928
0.38925,-1203.908873198149,698.6841857507293
0.38975,-1204.6533239783525,701.4567875754279
0.39025,-1205.393213037919,704.2406523987765
0.39075,-1206.1193371825914,707.0194370191741
0.39125,-1206.8474770911319,709.7959402944182
0.39175,-1207.5979155872806,712.5738972836655
0.39225,-1208.359490820335,715.3432585596829
0.39275,-1209.135780963105,718.1041748757184
0.39325,-1209.9295013932124,720.8655211122776
0.39375,-1210.7381495575057,723.6264234662444
0.39425,-1211.559230412135,726.3794615894117
0.39475,-1212.3829810230832,729.1286093166844
0.39525,-1213.2123605033698,731.8800474887273
0.39575,-1214.0551431687331,734.627290890487
0.39625,-1214.8966421859604,737.37645235424
0.39675,-1215.7463279840335,740.1199043860792
0.39725,-1216.5985164059516,742.861924988681
0.39775,-1217.4563116170048,745.5989719999802
0.39825,-1218.3223197742166,748.3361857930836
0.39875,-1219.1936267820029,751.0774850144406
0.39925,-1220.0626964714286,753.8126065780828
0.39975,-1220.9423349317683,756.5460539834123
0.40025,-1221.817650584638,759.2727549962336
0.40075,-1222.6995921820774,762.0025381443618
0.40125,-1223.5872009890413,764.7389590352989
0.40175,-1224.4907675621293,767.4663037039783
0.40225,-1225.3884258655942,770.1890874554717
0.40275,-1226.2925451321257,772.9152014235773
0.40325,-1227.2075423024708,775.6429730704363
0.40375,-1228.1276589303739,778.3680403168718
0.40425,-1229.0523944664847,781.0834575821193
0.40475,-1229.9757698755543,783.8044553781522
0.40525,-1230.9050809070159,786.5262167708813
0.40575,-1231.8290238288366,789.2374804138598
0.40625,-1232.7685155199413,791.9539157348111
0.40675,-1233.702416735717,794.6746861815063
0.40725,-1234.6349615385843,797.394122740646
0.40775,-1235.5764180390731,800.1160816849276
0.40825,-1236.517696886453,802.8351164930367
0.40875,-1237.4559657036573,805.5542003640045
0.40925,-1238.3977040549119,808.2676197188432
0.40975,-1239.3374424527146,810.9818565572735
0.41025,-1240.2795219917382,813.6966381593727
0.41075,-1241.2261291927812,816.4089059990599
0.41125,-1242.1696938718296,819.1237991704047
0.41175,-1243.1149959711638,821.8376662979008
0.41225,-1244.0620517827358,824.5504159138762
0.41275,-1245.0116357004542,827.2573808507627
0.41325,-1245.954239521836,829.969452966536
0.41375,-1246.9082968695059,832.6810776977187
0.41425,-1247.85415708456,835.3933173290552
0.41475,-1248.8096079061397,838.1043814262483
0.41525,-1249.7608224923947,840.8171275693057
0.41575,-1250.7155561006089,843.5343059992515
0.41625,-1251.6595337452177,846.2458921270088
0.41675,-1252.6153669800833,848.9565502860542
0.41725,-1253.5548330695492,851.669654601094
0.41775,-1254.5021614401035,854.3823345018383
0.41825,-1255.4407955969705,857.0969088895824
0.41875,-1256.3782060937594,859.8085026003671
0.41925,-1257.3064024061605,862.5250816275691
0.41975,-1258.232700782374,865.2475551811801
0.42025,-1259.1559017749296,867.9705470280429
0.42075,-1260.068127979629,870.694878825278
0.42125,-1260.9785453013083,873.4216523900141
0.42175,-1261.8729644027167,876.1511907847139
0.42225,-1262.7612017454533,878.8807232386775
0.42275,-1263.6311300608654,881.608555496742
0.42325,-1264.4869778689713,884.3413991691987
0.42375,-1265.3264660689433,887.0834603338405
0.42425,-1266.1419038569618,889.8276999651769
0.42475,-1266.9351757463628,892.577690748587
0.42525,-1267.69827590785,895.3315770773121
0.42575,-1268.4384628602143,898.09015678576
0.42625,-1269.1430013324946,900.8563298062878
0.42675,-1269.8088960112925,903.6239405826083
0.42725,-1270.4404116282922,906.3915980326851
0.42775,-1271.0277013994526,909.1652196798551
0.42825,-1271.5715339647368,911.946099864187
0.42875,-1272.0756584769815,914.7379818494616
0.42925,-1272.5230560147718,917.5275879738188
0.42975,-1272.9230560147716,920.3170969520485
0.43025,-1273.2672652034325,923.1118687995559
0.43075,-1273.5498012448504,925.9027744148486
0.43125,-1273.7809214587662,928.6950256522612
0.43175,-1273.947014286687,931.4928218942509
0.43225,-1274.0507363710544,934.2862958396604
0.43275,-1274.0833803862902,937.0771260550512
0.43325,-1274.0451669867862,939.8694585612546
0.43375,-1273.9432322221587,942.6456836125008
0.43425,-1273.7676704331607,945.4180548139967
0.43475,-1273.5092543604324,948.1793154739894
0.43525,-1273.175216312459,950.9276847047585
0.43575,-1272.7577756885669,953.6571813371584
0.43625,-1272.2657176669386,956.3762632230146
0.43675,-1271.6893337561462,959.0758570103502
0.43725,-1271.019481107799,961.7484734978054
0.43775,-1270.274816095392,964.406810966788
0.43825,-1269.4473774408566,967.0395752347781
0.43875,-1268.5270055387643,969.6314675240899
0.43925,-1267.532039332927,972.2053348051959
0.43975,-1266.454624245028,974.7437116613146
0.44025,-1265.2960620330466,977.2492886198398
0.44075,-1264.0583449114586,979.719958595026
0.44125,-1262.7351023511378,982.1464332788311
0.44175,-1261.335083917958,984.5334848917342
0.44225,-1259.8620351172963,986.8772178942156
0.44275,-1258.318309488087,989.1893182132516
0.44325,-1256.6933566344887,991.437574292656
0.44375,-1255.0042671994315,993.6537622086826
0.44425,-1253.2413037214933,995.8166459684157
0.44475,-1251.412240895586,997.9283322344638
0.44525,-1249.5154218991702,999.9889653453276
0.44575,-1247.5512116243794,1001.9783436010027
0.44625,-1245.5235655746903,1003.920643941045
0.44675,-1243.4424773628225,1005.8381200461823
0.44725,-1241.303528736777,1007.6822060676877
0.44775,-1239.1007992082411,1009.470593164462
0.44825,-1236.8546043621159,1011.2083137799606
0.44875,-1234.5574508297009,1012.8824448657825
0.44925,-1232.2087364771996,1014.5394434632581
0.44975,-1229.8105388325505,1016.0806446921367
0.45025,-1227.3751202742073,1017.5766102835345
0.45075,-1224.8878183718084,1018.9517398120704
0.45125,-1222.3739719816394,1020.3114540977847
0.45175,-1219.8154141416298,1021.5995381105462
0.45225,-1217.2264424172174,1022.8428767007493
0.45275,-1214.6180473554891,1024.0510893650262
0.45325,-1211.9765736857898,1025.3195147165566
0.45375,-1209.307094777601,1026.4117396958784
0.45425,-1206.6109330244499,1027.327931371425
0.45475,-1203.8770589845115,1028.1110318322544
0.45525,-1201.1189096801604,1028.8177077485452
0.45575,-1198.343317540746,1029.4634314415373
0.45625,-1195.5531190295799,1030.050875610272
0.45675,-1192.753002301803,1030.5986834626183
0.45725,-1189.9380738305547,1031.0937566743994
0.45775,-1187.1078723172132,1031.54565918336
0.45825,-1184.261339369874,1031.9463084802996
0.45875,-1181.411368043709,1032.3168385878264
0.45925,-1178.5508991070303,1032.6498672616617
0.45975,-1175.683408457194,1032.93421859406
0.46025,-1172.805530734558,1033.191071364945
0.46075,-1169.9286938169953,1033.4189477090308
0.46125,-1167.0514686079155,1033.6324124641085
0.46175,-1164.1691485086599,1033.8139591969457
0.46225,-1161.2704733934524,1033.9419891508628
0.46275,-1158.3816129508286,1034.0610299428067
0.46325,-1155.4961645282833,1034.1596320933445
0.46375,-1152.6085493209102,1034.232293383667
0.46425,-1149.7180305346044,1034.2904079554135
0.46475,-1146.8203706727788,1034.2960897381777
0.46525,-1143.9312502560288,1034.3493616275787
0.46575,-1141.039354710714,1034.373826143708
0.46625,-1138.1542265055855,1034.4587740345269
0.46675,-1135.2632853893542,1034.4916096720076
0.46725,-1132.3793962309746,1034.5308953862932
0.46775,-1129.4972349406519,1034.5560502250028
0.46825,-1126.6089164117443,1034.559501370398
0.46875,-1123.7187888553456,1034.4372298650217
0.46925,-1120.8376598230873,1034.4370470693227
0.46975,-1117.964694431328,1034.5640240603389
0.47025,-1115.094632987396,1034.7670655349932
0.47075,-1112.2296213427794,1034.9998468639662
0.47125,-1109.3661121805526,1035.238743884047
0.47175,-1106.5043173087574,1035.493113611094
0.47225,-1103.6421842990162,1035.749399383164
0.47275,-1100.777970937187,1036.010999596882
0.47325,-1097.915021912894,1036.278006765341
0.47375,-1095.055485302551,1036.5467241232518
0.47425,-1092.1961174302799,1036.8266092649917
0.47475,-1089.335875494796,1037.0940286198304
0.47525,-1086.4756779725892,1037.378118147647
0.47575,-1083.6154309167778,1037.6625958742218
0.47625,-1080.7561836049497,1037.9478216806733
0.47675,-1077.8996443342623,1038.236269553511
0.47725,-1075.0450959471657,1038.5291297685649
0.47775,-1072.1881707039502,1038.8156697071208
0.47825,-1069.3244674269404,1039.1096366810073
0.47875,-1066.4607132026701,1039.4011635627276
0.47925,-1063.59847450635,1039.695927471096
0.47975,-1060.7430135346256,1039.988239299053
0.48025,-1057.8827558114647,1040.2840892734514
0.48075,-1055.0261703212186,1040.5775203584953
0.48125,-1052.176592748254,1040.8707000819977
0.48175,-1049.3254497773262,1041.152831503742
0.48225,-1046.4699249437367,1041.4432861888417
0.48275,-1043.6127772357572,1041.7269248985192
0.48325,-1040.7526159454346,1042.0018388770136
0.48375,-1037.8958846933783,1042.274810670687
0.48425,-1035.0412248316584,1042.5390598364265
0.48475,-1032.1737875556728,1042.7919738149212
0.48525,-1029.3142408654576,1043.0335841208794
0.48575,-1026.4607641629484,1043.2554765939976
0.48625,-1023.6066730211153,1043.4589727537518
0.48675,-1020.751420596394,1043.645971173048
0.48725,-1017.8896396824153,1043.8021566569191
0.48775,-1015.0308036259988,1043.9288575366845
0.48825,-1012.1798666060295,1044.026433573551
0.48875,-1009.3337987528593,1044.0849263432951
0.48925,-1006.4909518506576,1044.1080261896852
0.48975,-1003.6552046807274,1044.0835980371926
0.49025,-1000.8208565624477,1044.0120859404183
0.49075,-997.9930877452434,1043.8878655103108
0.49125,-995.181587489227,1043.711355525672
0.49175,-992.375277005356,1043.471613590188
0.49225,-989.5793521183372,1043.1748001259523
0.49275,-986.8013736237135,1042.8069838991682
0.49325,-984.0475205771186,1042.3707634690609
0.49375,-981.3166398394609,1041.8631281933067
0.49425,-978.6107832086366,1041.2778808814785
0.49475,-975.9306732636092,1040.6175849004367
0.49525,-973.280869175789,1039.8767871203468
0.49575,-970.6669930877194,1039.0492955688871
0.49625,-968.0892478938451,1038.137202596149
0.49675,-965.5431009404401,1037.1456787866255
0.49725,-963.0344218868966,1036.0678054293971
0.49775,-960.574756414973,1034.9010168989312
0.49825,-958.1564998865551,1033.6488298021573
0.49875,-955.7768822043569,1032.3173937209144
0.49925,-953.4508842874986,1030.8997234700184
0.49975,-951.1659009727044,1029.398099443322
0.50025,-948.9336877110557,1027.815475787408
0.50075,-946.7422543037621,1026.1614631572666
0.50125,-944.5957349887482,1024.4271071238136
0.50175,-942.4961794331925,1022.6229952958568
0.50225,-940.4629202563294,1020.7432987441325
0.50275,-938.4674277448087,1018.803408191137
0.50325,-936.5293837099905,1016.7943490513521
0.50375,-934.631591595295,1014.7308866857607
0.50425,-932.7920516878295,1012.6117697925945
0.50475,-930.9908440782348,1010.4411395196415
0.50525,-929.2443820595042,1008.215283440237
0.50575,-927.5366423641638,1005.9451288703447
0.50625,-925.8831835828016,1003.6330858595919
0.50675,-924.2602279721042,1001.2809948753074
0.50725,-922.670051000778,998.9027460273812
0.50775,-921.1342087068713,996.490735274693
0.50825,-919.6254273448642,994.0558794584663
0.50875,-918.1467535097387,991.598497738036
0.50925,-916.6904459195172,989.1189555944356
0.50975,-915.2633035278586,986.6272410294307
0.51025,-913.854506003544,984.1147168572737
0.51075,-912.4578893426583,981.5879339922026
0.51125,-911.0791617440918,979.0577619491918
0.51175,-909.7028176580703,976.5283055573161
0.51225,-908.3445291276043,973.9820528691441
0.51275,-906.9920735372178,971.4358065348333
0.51325,-905.6410580055572,968.8875359255143
0.51375,-904.2927605145178,966.3383577381102
0.51425,-902.9444212074686,963.7868604860193
0.51475,-901.5895293251574,961.2398712387076
0.51525,-900.2373433946623,958.6968355424793
0.51575,-898.8720967840966,956.1651244625355
0.51625,-897.5040492986227,953.630289760071
0.51675,-896.1273395487947,951.1114747280302
0.51725,-894.7668895901513,948.5802399885761
0.51775,-893.3695543867852,946.0623247010585
0.51825,-891.9887881100511,943.5340421771309
0.51875,-890.5999888268971,941.0119722846578
0.51925,-889.2033454577214,938.4951281986364
0.51975,-887.8002599037242,935.9775685913431
0.52025,-886.414593757843,933.4458977890272
0.52075,-885.0019055857999,930.9333990297221
0.52125,-883.6193407939611,928.412869666612
0.52175,-882.2267268666697,925.892593168916
0.52225,-880.8466986063995,923.3703723252436
0.52275,-879.4651963467766,920.8481723653158
0.52325,-878.079712475809,918.3216669889716
0.52375,-876.7024723324397,915.7927597893458
0.52425,-875.3211551281386,913.2650447355823
0.52475,-873.9490611164935,910.7316136505383
0.52525,-872.5679341789148,908.2018719943451
0.52575,-871.1941443486734,905.6774397599127
0.52625,-869.8221461407882,903.1549935233537
0.52675,-868.4530148448063,900.6303178017918
0.52725,-867.0833015831574,898.0970651136197
0.52775,-865.7136510455231,895.5692425329746
0.52825,-864.347971671134,893.044779189866
0.52875,-862.985394284363,890.5207298252521
0.52925,-861.625330513009,887.9885443762925
0.52975,-860.2708195043044,885.4524976789038
0.53025,-858.9199490485952,882.917443915463
0.53075,-857.5723439655062,880.381197581152
0.53125,-856.2343378879,877.8315538223862
0.53175,-854.902295767639,875.2785544234682
0.53225,-853.57707582629,872.7114576492747
0.53275,-852.236455043564,870.1532037639411
0.53325,-850.9181988490805,867.5902272951862
0.53375,-849.5899973170922,865.0360143272285
0.53425,-848.2599214157639,862.482579792124
0.53475,-846.9441776881654,859.9213271039521
0.53525,-845.6136160104788,857.3644647517181
0.53575,-844.2717800885355,854.8172962929366
0.53625,-842.942199955407,852.2646833897109
0.53675,-841.5885192275326,849.7225056054458
0.53725,-840.2326075764596,847.1807879682443
0.53775,-838.8653065955127,844.6426470514361
0.53825,-837.5033202051952,842.1028808055269
0.53875,-836.1242341836899,839.5720420958494
0.53925,-834.7418148288511,837.0401697255829
0.53975,-833.3583628996925,834.5155270943369
0.54025,-831.9695896836611,832.0001517277681
0.54075,-830.5831881960712,829.4782033083324
0.54125,-829.1846730911045,826.9602616800682
0.54175,-827.7836234239259,824.4443592223108
0.54225,-826.3787344092744,821.9280170227258
0.54275,-824.9805862611264,819.4125779546255
0.54325,-823.5697798095134,816.9042876320448
0.54375,-822.1584416972075,814.3902661266685
0.54425,-820.7477983978546,811.8695497462747
0.54475,-819.3313516725369,809.3599456407029
0.54525,-817.9191201132465,806.8599149187366
0.54575,-816.505418581803,804.3520165805157
0.54625,-815.0799325385751,801.8412182748787
0.54675,-813.6573787751342,799.337290855524
0.54725,-812.235965025707,796.8417584761885
0.54775,-810.8138917584723,794.3429049641092
0.54825,-809.3863375789058,791.8466281240012
0.54875,-807.9513913423466,789.3533749087367
0.54925,-806.5211331739398,786.8645826382053
0.54975,-805.0905129801915,784.3769645417306
0.55025,-803.6489239718284,781.8881724270353
0.55075,-802.2051370852571,779.4018857425823
0.55125,-800.7566650988394,776.9100615584659
0.55175,-799.3043694852536,774.4212443541651
0.55225,-797.8485187578658,771.935437902552
0.55275,-796.387220718045,769.4546137012865
0.55325,-794.9287600502464,766.9786085080377
0.55375,-793.4637519681605,764.5080455731863
0.55425,-791.9937340470135,762.0358888911587
0.55475,-790.5165708591578,759.5655568228475
0.55525,-789.0405430286708,757.0963727621264
0.55575,-787.5539188068258,754.6308158860652
0.55625,-786.0608497965391,752.1681054096846
0.55675,-784.5719398239479,749.7098764406776
0.55725,-783.07981006882,747.2581334208892
0.55775,-781.5789379063351,744.807215858165
0.55825,-780.0603062016253,742.3570649432434
0.55875,-778.5442578145285,739.9044681690498
0.55925,-777.0281362494151,737.4639977389422
0.55975,-775.5012248849823,735.0337139649912
0.56025,-773.9728409507636,732.6016551414618
0.56075,-772.430634892713,730.1670673278418
0.56125,-770.8805968781589,727.7355033004712
0.56175,-769.3346814062354,725.3127972072814
0.56225,-767.7743020752916,722.8923805406147
0.56275,-766.2069600643501,720.4792984806261
0.56325,-764.639824034311,718.0765847069445
0.56375,-763.0664632921646,715.6766627166429
0.56425,-761.4830350821709,713.278901805827
0.56475,-759.8875751060658,710.876966321956
0.56525,-758.2793942596846,708.481101390811
0.56575,-756.6723964784933,706.0918335976722
0.56625,-755.0662687038596,703.7096000568308
0.56675,-753.4436148205746,701.3447343822079
0.56725,-751.8142681564232,698.9763359668145
0.56775,-750.1736609457969,696.6068483007805
0.56825,-748.5276153883549,694.239706959524
0.56875,-746.8789978768341,691.8865489221155
0.56925,-745.2252610680189,689.5343727511379
0.56975,-743.5490013168067,687.1948444236779
0.57025,-741.8794171928346,684.8604587500536
0.57075,-740.1990882870787,682.5281627348733
0.57125,-738.5135461585123,680.1970232162475
0.57175,-736.8194285114537,677.8736076564752
0.57225,-735.1081234302814,675.556825872794
0.57275,-733.3915059589201,673.2460036084042
0.57325,-731.6711714308437,670.9344838951426
0.57375,-729.949707556103,668.6343910824658
0.57425,-728.2226914270707,666.3453185018207
0.57475,-726.4821000292213,664.0607620502078
0.57525,-724.7401279262884,661.7761420562
0.57575,-722.9841331269349,659.4972510589407
0.57625,-721.2208363386856,657.2207193279688
0.57675,-719.4536439850417,654.9541171774313
0.57725,-717.6801224796654,652.6962139516247
0.57775,-715.9075537819353,650.444601048399
0.57825,-714.1225471794075,648.1900769963333
0.57875,-712.3244707158472,645.9387938422115
0.57925,-710.5235114073926,643.6967044473137
0.57975,-708.7158580234584,641.4527196275794
0.58025,-706.9093586208301,639.2198307386905
0.58075,-705.0920945825981,636.9955296634216
0.58125,-703.2685666768123,634.7699659153418
0.58175,-701.4392282658206,632.5490564171339
0.58225,-699.6106229527277,630.3283045196006
0.58275,-697.7734978819863,628.1140770153562
0.58325,-695.9327822408911,625.9066251313768
0.58375,-694.0941397677728,623.7108993249252
0.58425,-692.2385906126269,621.5132437949713
0.58475,-690.3806180602783,619.3140608577896
0.58525,-688.5336027218849,617.1148910285675
0.58575,-686.6701065169513,614.9238497572203
0.58625,-684.8042700210626,612.732485905228
0.58675,-682.9302662259962,610.5502088653798
0.58725,-681.0556004026776,608.3648578217365
0.58775,-679.1860663524983,606.180642767973
0.58825,-677.3148596619369,603.9981158862527
0.58875,-675.4367831983765,601.8252485027401
0.58925,-673.5548477145055,599.6490764597294
0.58975,-671.6709095424625,597.474802266181
0.59025,-669.7823342736453,595.2972216210196
0.59075,-667.8930405776723,593.1256491985023
0.59125,-666.0072263953687,590.9527375392149
0.59175,-664.1267529156542,588.7871289732077
0.59225,-662.2443282898898,586.6251226480972
0.59275,-660.3527960318253,584.4554049061617
0.59325,-658.4551068055972,582.2849178726385
0.59375,-656.5619772074081,580.1104956881451
0.59425,-654.6669234439672,577.9358648637723
0.59475,-652.768906817962,575.758727428153
0.59525,-650.8824154472202,573.5960817247103
0.59575,-648.9903555695056,571.4331873540588
0.59625,-647.1016388641856,569.2623376808561
0.59675,-645.2033637745799,567.0931145625766
0.59725,-643.3003633001965,564.9146776555557
0.59775,-641.4015537763871,562.7389806509474
0.59825,-639.5133574791925,560.5755389822596
0.59875,-637.632609911348,558.4166480452395
0.59925,-635.7447738898427,556.2501964323363
0.59975,-633.8522928651746,554.0796437757899
0.60025,-631.9519212649217,551.9112685385983
0.60075,-630.054878254169,549.7322362805337
0.60125,-628.1600142440489,547.5567372293003
0.60175,-626.2670226925895,545.3893236348304
0.60225,-624.3850028739093,543.2198562091503
0.60275,-622.5010349211368,541.0526455829644
0.60325,-620.6123610860114,538.8860318526088
0.60375,-618.7131376690461,536.7249386626445
0.60425,-616.8272879079948,534.5491322110316
0.60475,-614.9335483619972,532.3765515658704
0.60525,-613.0335003589249,530.1957393538888
0.60575,-611.1446274710602,528.0217416580363
0.60625,-609.2562403742859,525.8502577870685
0.60675,-607.370644759696,523.6865816327359
0.60725,-605.4857292451031,521.5202129691413
0.60775,-603.5833748983464,519.3560615881588
0.60825,-601.6960765112497,517.179134168804
0.60875,-599.8022118686184,515.0029292352176
0.60925,-597.9092471988796,512.8323793120226
0.60975,-596.0222221092738,510.6709671256426
0.61025,-594.1400152480347,508.51031581995903
0.61075,-592.2483677825969,506.34096674161805
0.61125,-590.3581491144845,504.17294559767663
0.61175,-588.4663085072739,502.00831561665194
0.61225,-586.5797849462365,499.8408227324015
0.61275,-584.6929140688534,497.67795203573564
0.61325,-582.8072477862113,495.5138103306666
0.61375,-580.9138632496009,493.3413402845836
0.61425,-579.0139080524684,491.16259297275565
0.61475,-577.1137544426373,488.9894766133087
0.61525,-575.2295419189181,486.8186556139412
0.61575,-573.3456034833289,484.65385611995004
0.61625,-571.4583525345622,482.49532196435234
0.61675,-569.5671317881992,480.32364834006387
0.61725,-567.6716632782145,478.1473810589579
0.61775,-565.7785091563508,475.9748127025831
0.61825,-563.8852414460408,473.80621687715615
0.61875,-561.9918274675462,471.62993275804945
0.61925,-560.1071031118541,469.44906742266795
0.61975,-558.2066326817466,467.2845702689678
0.62025,-556.3220209732639,465.113710053914
0.62075,-554.4425278857063,462.95288056082654
0.62125,-552.5524357198076,460.7825682208367
0.62175,-550.6542443771002,458.61063108270605
0.62225,-548.7622013663474,456.43544828700715
0.62275,-546.8679361333726,454.2640504375447
0.62325,-544.9869255212425,452.0837615908233
0.62375,-543.0912982810991,449.91623470910287
0.62425,-541.2025654116071,447.7526040955671
0.62475,-539.3185408340341,445.58937828911553
0.62525,-537.4319548125288,443.42177613857785
0.62575,-535.5362769715,441.25098802978596
0.62625,-533.6405511650482,439.0740391050548
0.62675,-531.7457687789756,436.8964384906155
0.62725,-529.8545100819483,434.7213088258463
0.62775,-527.9666000792377,432.55520147968207
0.62825,-526.0814714310042,430.3917106962719
0.62875,-524.1855708933697,428.22452141733453
0.62925,-522.2917818508711,426.0548716477492
0.62975,-520.4037083741686,423.89219960473855
0.63025,-518.5186085277784,421.73003370612105
0.63075,-516.6204048592142,419.5643461665891
0.63125,-514.7265697337662,417.39122788701917
0.63175,-512.8341163814575,415.2218588168105
0.63225,-510.9441901744155,413.060543193787
0.63275,-509.05359109607446,410.90059234893295
0.63325,-507.15372550467663,408.73435963003897
0.63375,-505.2524486229562,406.56375479132925
0.63425,-503.3513061498379,404.3921015655228
0.63475,-501.44723548931563,402.21961308626015
0.63525,-499.55633391776894,400.0571375352457
0.63575,-497.66077836221336,397.9086025890091
0.63625,-495.7639753668216,395.7447604231105
0.63675,-493.8705037846404,393.58576400733995
0.63725,-491.9806580200318,391.4242868507204
0.63775,-490.08015622791714,389.2597277109355
0.63825,-488.17800569028276,387.09478147437636
0.63875,-486.279494199665,384.9349054465459
0.63925,-484.3828380748495,382.7729674326306
0.63975,-482.48875717367173,380.6070073711867
0.64025,-480.58205255634095,378.44252377129516
0.64075,-478.6777322798433,376.27351455470523
0.64125,-476.7825947086858,374.10796664199177
0.64175,-474.8888715904062,371.9427381473681
0.64225,-472.9914112729459,369.78314982171526
0.64275,-471.0954466935658,367.6233648754787
0.64325,-469.1986212967404,365.4567688693344
0.64375,-467.30404692398054,363.2902043532053
0.64425,-465.41330618323974,361.124853309562
0.64475,-463.51457572331384,358.9574556408171
0.64525,-461.61127823227446,356.7848534902795
0.64575,-459.711815866683,354.61015302945003
0.64625,-457.81896324176205,352.4411207713855
0.64675,-455.92134148338135,350.2738772546239
0.64725,-454.0261801930588,348.1004901578498
0.64775,-452.1332276840982,345.9321568245164
0.64825,-450.2392357486143,343.7645788675271
0.64875,-448.34615383843084,341.5958454709427
0.64925,-446.4595050929112,339.4326653634158
0.64975,-444.57064332154727,337.27399176409494
0.65025,-442.6800327224689,335.1094871558
0.65075,-440.78216487943985,332.9365315451024
0.65125,-438.8851890729882,330.7522976741347
0.65175,-436.98660036331074,328.5862896096186
0.65225,-435.09177340026747,326.41693477090894
0.65275,-433.1958847222156,324.25082471398287
0.65325,-431.302438202691,322.0842418050978
0.65375,-429.4060519492649,319.9136257393166
0.65425,-427.5069002168874,317.7431096102844
0.65475,-425.6126244420613,315.57599386075873
0.65525,-423.71720713535365,313.4051797286543
0.65575,-421.82521339388427,311.23266599650617
0.65625,-419.92791369301915,309.0604103574084
0.65675,-418.0301314349547,306.89125713160195
0.65725,-416.1365087694199,304.732116639242
0.65775,-414.24402756641234,302.5666545970397
0.65825,-412.3546537523706,300.4017210107019
0.65875,-410.4646895946645,298.2438285375836
0.65925,-408.5686860104351,296.0816349891966
0.65975,-406.67478773427877,293.91708813819804
0.66025,-404.788358610658,291.75976998513045
0.66075,-402.89941432913304,289.60327731650875
0.66125,-401.0027937454157,287.43817747011855
0.66175,-399.105713838184,285.273621282052
0.66225,-397.2114889392483,283.1118755515016
0.66275,-395.3164217349472,280.9522787773081
0.66325,-393.4169043840185,278.7921761380119
0.66375,-391.52238633486337,276.62695532387977
0.66425,-389.62702738483176,274.4636188279911
0.66475,-387.7261057258456,272.29615953459637
0.66525,-385.83042156453064,270.1306764017994
0.66575,-383.93570830288195,267.9696817781435
0.66625,-382.04093400544286,265.80665076676746
0.66675,-380.14816966852527,263.6492851753696
0.66725,-378.25379415156914,261.48457673864505
0.66775,-376.3571932110526,259.32370717342764
0.66825,-374.45993620072164,257.1617906648887
0.66875,-372.55694305477437,255.00047393219683
0.66925,-370.65909593504233,252.84223934086924
0.66975,-368.75799677136257,250.6861103086112
0.67025,-366.84900035559195,248.53191676022408
0.67075,-364.93528072197984,246.38510672438179
0.67125,-363.02645219905963,244.24654167376244
0.67175,-361.10891691412195,242.12087104557904
0.67225,-359.17743169906817,239.99391540041776
0.67275,-357.22861004816673,237.87306165314635
0.67325,-355.2698418912152,235.77204750487243
0.67375,-353.2929673120391,233.6840362420947
0.67425,-351.2963006453724,231.6146598980087
0.67475,-349.2802589787058,229.56970828510546
0.67525,-347.2439117145498,227.55616837303387
0.67575,-345.18426144844796,225.56797677968098
0.67625,-343.0976455496052,223.6134559207272
0.67675,-340.98904339906755,221.6983483938455
0.67725,-338.8522072961024,219.8246859630863
0.67775,-336.68633055705254,217.99678829901512
0.67825,-334.490820618962,216.21008253166417
0.67875,-332.2594575935466,214.48246339676683
0.67925,-329.9943914422161,212.80188166147124
0.67975,-327.70235995220077,211.1865206783683
0.68025,-325.3807233674594,209.6310108857416
0.68075,-323.0251205237199,208.14001606057354
0.68125,-320.6446276921787,206.71081175949826
0.68175,-318.23112839344094,205.34481947338327
0.68225,-315.7792263080711,204.04293042157485
0.68275,-313.29472565437175,202.80086206329423
0.68325,-310.7782474519407,201.59600582206
0.68375,-308.2283805804609,200.44622702021667
0.68425,-305.65279678552224,199.3509712365738
0.68475,-303.04458264203936,198.306636025787
0.68525,-300.4076944048285,197.32212967192578
0.68575,-297.7464287238249,196.41541596224835
0.68625,-295.06559985472,195.55958985518396
0.68675,-292.35188203132475,194.796626892221
0.68725,-289.61886507718395,194.0729432293698
0.68775,-286.870466057066,193.4078619338443
0.68825,-284.11670394042847,192.7437557841542
0.68875,-281.3385550894902,192.17083105297138
0.68925,-278.55458006347567,191.57051887815345
0.68975,-275.764351568852,191.01153231901367
0.69025,-272.97604511723915,190.46352828675563
0.69075,-270.17687778846107,189.96082242309757
0.69125,-267.3660501573109,189.50533659709563
0.69175,-264.57039169968573,189.04327485585387
0.69225,-261.76159629807034,188.6267466857929
0.69275,-258.9545972755875,188.2085668226453
0.69325,-256.15907182402754,187.77980550054139
0.69375,-253.35372154706434,187.38672632165577
0.69425,-250.5715797976847,186.9577607509362
0.69475,-247.79354303042834,186.53585093477244
0.69525,-245.01872709738106,186.07973064238408
0.69575,-242.2468408966642,185.60278574991096
0.69625,-239.49995472684589,185.06945182332586
0.69675,-236.7486823254122,184.5237233287022
0.69725,-234.0331116058092,183.90803474309425
0.69775,-231.3355238657657,183.25602767974485
0.69825,-228.6548787044754,182.55871238317877
0.69875,-226.0055196343838,181.82410366155392
0.69925,-223.36906706141912,181.06015262468756
0.69975,-220.76818729602323,180.2325338563591
0.70025,-218.17857900109234,179.38087487018402
0.70075,-215.60852886392462,178.47970311096853
0.70125,-213.06323938762034,177.50638097835207
0.70175,-210.53178986784332,176.49161259771407
0.70225,-208.01396647260054,175.3882147482517
0.70275,-205.519268489349,174.23984771985866
0.70325,-203.03219483921603,173.04961046699705
0.70375,-200.55369593730222,171.8574422458967
0.70425,-198.09886987784617,170.56479708460637
0.70475,-195.64835536749814,169.2998462232351
0.70525,-193.2113257976057,167.98179898821206
0.70575,-190.78094686873885,166.6458514075669
0.70625,-188.36150092350871,165.25872412328278
0.70675,-185.96653676580263,163.8074821877989
0.70725,-183.56893051900283,162.35114271007234
0.70775,-181.18716985302987,160.83590774649272
0.70825,-178.81943894594414,159.2922303271379
0.70875,-176.44267243288732,157.74176949764478
0.70925,-174.0844107841418,156.14010283097812
0.70975,-171.71851763706584,154.54137201579573
0.71025,-169.35808752953895,152.92065373622583
0.71075,-166.99736051091426,151.29742450716788
0.71125,-164.63432927691528,149.67116951484837
0.71175,-162.25207018833362,148.07204939196052
0.71225,-159.87874282871596,146.46394754010868
0.71275,-157.47115046588164,144.90942107195315
0.71325,-155.05024503044274,143.36934167934518
0.71375,-152.61954618829748,141.85700135924208
0.71425,-150.16018310017097,140.39090731589
0.71475,-147.68606592030778,138.95880137747358
0.71525,-145.1824020413751,137.5801705531008
0.71575,-142.66405735427165,136.24052919866284
0.71625,-140.12707298870595,134.95152391866898
0.71675,-137.56461869668175,133.71994685773709
0.71725,-134.9831922440095,132.53795814011434
0.71775,-132.38544314006683,131.41167857022185
0.71825,-129.76722713286307,130.3239294839355
0.71875,-127.13484547423002,129.28829210907458
0.71925,-124.45601999863034,128.3745782960059
0.71975,-121.79011764466348,127.424686404114
0.72025,-119.1107628059538,126.4994964399563
0.72075,-116.41392657766596,125.61143015140614
0.72125,-113.70032029147902,124.74649927583012
0.72175,-110.97729619062623,123.9095417674875
0.72225,-108.23683725342815,123.11468085117147
0.72275,-105.48579117047885,122.35129559771525
0.72325,-102.71964600918852,121.62250957620986
0.72375,-99.93838050050365,120.9223042976175
0.72425,-97.15983467357074,120.255292008831
0.72475,-94.36937768432342,119.62134039592777
0.72525,-91.56910796201069,119.0163040105688
0.72575,-88.7589906599579,118.44681310147791
0.72625,-85.94324462478691,117.89651425586348
0.72675,-83.1227377123445,117.3854850699956
0.72725,-80.29579810994909,116.89359032612329
0.72775,-77.46145777883456,116.41622558811339
0.72825,-74.62831005738039,115.95820331468789
0.72875,-71.79438504173494,115.51785854595602
0.72925,-68.95869635765916,115.09282014349827
0.72975,-66.11856578930278,114.68450217114804
0.73025,-63.28332141002614,114.27895085149996
0.73075,-60.44356491005459,113.88270917203246
0.73125,-57.609144620199515,113.48566849882067
0.73175,-54.77265517376384,113.09033038651484
0.73225,-51.93578648689515,112.68546095487119
0.73275,-49.09851184868672,112.28642748409749
0.73325,-46.26549317296516,111.88024751805335
0.73375,-43.42440880312662,111.49509128385372
0.73425,-40.58231017502132,111.09856736839211
0.73475,-37.76529887091324,110.63650230084316
0.73525,-34.91525792087229,110.26065225725118
0.73575,-32.05988346322279,109.90720800145039
0.73625,-29.206956883161485,109.5690164965606
0.73675,-26.35383860359159,109.25659253342695
0.73725,-23.49466362802952,108.96132332521582
0.73775,-20.63370679461827,108.67265198346732
0.73825,-17.773065729590108,108.39653646887439
0.73875,-14.910135622063226,108.12373539360559
0.73925,-12.041686272883824,107.87086766710458
0.73975,-9.174118428541785,107.6186771909141
0.74025,-6.308264613897649,107.37656889598323
0.74075,-3.438914662773504,107.1345073124055
0.74125,-0.5706005922772701,106.89390182680951
0.74175,2.295876610547464,106.6647883699556
0.74225,5.16099909417589,106.4317816596314
0.74275,8.028327284919227,106.19011265542383
0.74325,10.89610235193528,105.96635011815084
0.74375,13.76114758149664,105.73758923745449
0.74425,16.623299825906948,105.5118288687909
0.74475,19.486220119472403,105.28484986213446
0.74525,22.352817661715108,105.05404801881649
0.74575,25.222477159922995,104.82056056361937
0.74625,28.09351317289449,104.60311048681444
0.74675,30.96354796100328,104.37459056271578
0.74725,33.835552569298216,104.14066429543468
0.74775,36.709186081843015,103.919203081917
0.74825,39.5853603885776,103.68759017869121
0.74875,42.46634510844177,103.45543398174723
0.74925,45.34140213027298,103.22103515476775
0.74975,48.20479520076283,102.98951185727671
0.75025,51.069848964203686,102.75220002931972
0.75075,53.93935557530622,102.51793856921785
0.75125,56.805026869290714,102.27861369155882
0.75175,59.67085545879103,102.03981388131214
0.75225,62.53377133481885,101.80153304639752
0.75275,65.39611248828905,101.55545386751189
0.75325,68.2675367478627,101.31189076621024
0.75375,71.14498170433993,101.06196757112576
0.75425,74.008798908641,100.8180885388677
0.75475,76.87184361718656,100.57204439625309
0.75525,79.74532875317644,100.32159278334987
0.75575,82.62336524224858,100.06844216486819
0.75625,85.49794857558192,99.81769216486819
0.75675,88.37405722692776,99.56201221546907
0.75725,91.24624879455652,99.30985814076618
0.75775,94.11914070174382,99.04761705417874
0.75825,96.9907267232492,98.79797995740455
0.75875,99.85808915209171,98.53718299345768
0.75925,102.72752612939159,98.27914087876235
0.75975,105.59783676260545,98.0173846063609
0.76025,108.47585348900927,97.75842403288422
0.76075,111.35010712594793,97.49433295129027
0.76125,114.21957397182607,97.23416718068096
0.76175,117.08970539357037,96.97155069322575
0.76225,119.95556666280926,96.7080491119481
0.76275,122.81454323731003,96.44827376632597
0.76325,125.67651904376166,96.1810560243905
0.76375,128.54389145962102,95.9130943745353
0.76425,131.40987193500303,95.64522086010405
0.76475,134.27414164826467,95.3827611826847
0.76525,137.14596679409362,95.11321237391388
0.76575,140.01137898047355,94.84660395097484
0.76625,142.87410743348465,94.57399634086796
0.76675,145.73888008089483,94.30389092235649
0.76725,148.61144491327943,94.03578371173028
0.76775,151.49021362506522,93.76548390148359
0.76825,154.35787649666545,93.49011578004146
0.76875,157.22240205788032,93.21596561969437
0.76925,160.0865149611061,92.9398365874363
0.76975,162.95439130519216,92.66253820033953
0.77025,165.8232451285551,92.38818286227901
0.77075,168.69067080850454,92.11235743533405
0.77125,171.55297226106063,91.83476151003691
0.77175,174.40949107826492,91.55830989713371
0.77225,177.26450899941187,91.27888337383621
0.77275,180.12743910693877,91.00140756738459
0.77325,182.98660552393,90.72234434956776
0.77375,185.85061938923843,90.44279638691921
0.77425,188.72424789440396,90.16311011240938
0.77475,191.59706968441026,89.87884777844356
0.77525,194.46801182470725,89.59674844408616
0.77575,197.33043715326164,89.31782371290336
0.77625,200.19143889266707,89.03835027836826
0.77675,203.0573504992452,88.75748927267566
0.77725,205.9205763056968,88.47287995367924
0.77775,208.78972057092977,88.19123210421687
0.77825,211.66396638932883,87.90592296443192
0.77875,214.53222291774662,87.62928701973146
0.77925,217.38580503876707,87.34973989765683
0.77975,220.2454555764015,87.06907860733425
0.78025,223.1188624391466,86.78057054281813
0.78075,225.9925996759768,86.50005278732883
0.78125,228.86764711430698,86.21413959947304
0.78175,231.742371971992,85.93735275570327
0.78225,234.6117193435571,85.65717354423374
0.78275,237.4747727907424,85.37584527098896
0.78325,240.34293288632188,85.08704957206422
0.78375,243.21632224206417,84.80891999765382
0.78425,246.07714661482402,84.52749347435633
0.78475,248.93400145353368,84.24963057113052
0.78525,251.7990104141072,83.97272196897998
0.78575,254.66333227188255,83.68918984645356
0.78625,257.53145371400774,83.41041425472281
0.78675,260.4098260521904,83.12774252796758
0.78725,263.2919113056466,82.84540957865883
0.78775,266.16269130223304,82.56800046447552
0.78825,269.02968687465557,82.28791697301443
0.78875,271.9026865584,82.00861431646794
0.78925,274.7675033382529,81.72985582750358
0.78975,277.6197007465793,81.45210231220167
0.79025,280.47647360852545,81.17847203156651
0.79075,283.3435242997697,80.89687064907802
0.79125,286.21360793178883,80.61702835517121
0.79175,289.0859395257167,80.34257389596819
0.79225,291.95471877935364,80.0640666220909
0.79275,294.82034601949704,79.78745218276677
0.79325,297.6768648367013,79.51344411825065
0.79375,300.5385733193775,79.24140110749795
0.79425,303.40885885294585,78.96078847534832
0.79475,306.2866366307236,78.68367019577843
0.79525,309.15764021495295,78.41204653986446
0.79575,312.0134403414552,78.1416809484666
0.79625,314.865703526299,77.87067941236829
0.79675,317.7235861954957,77.59772163248213
0.79725,320.5807398956855,77.32479310623293
0.79775,323.44754097095426,77.0517285901039
0.79825,326.31655978815854,76.77737375139422
0.79875,329.17812639508804,76.51210493418992
0.79925,332.0417784688208,76.23965101713924
0.79975,334.9093053505412,75.96941445799945
0.80025,337.78096885465254,75.6986246098021
0.80075,340.6461250246474,75.42515302762085
0.80125,343.5092541472642,75.15354283515676
0.80175,346.36859554511375,74.88370836996151
0.80225,349.22490660000165,74.6133119963583
0.80275,352.08600235012966,74.34397559082835
0.80325,354.95347802857304,74.0721015508898
0.80375,357.8177727787312,73.79566891331865
0.80425,360.68114643464514,73.52558826815735
0.80475,363.54189464253045,73.25376837568425
0.80525,366.4103128783111,72.98244156208038
0.80575,369.27552429394694,72.70819707990721
0.80625,372.13749373367534,72.4375646520634
0.80675,375.00688889496564,72.1621694907731
0.80725,377.87756805372595,71.88460782094386
0.80775,380.74087066509304,71.61141273645845
0.80825,383.60800776186727,71.33611319728794
0.80875,386.483491632835,71.05856481019117
0.80925,389.3479405575662,70.78382018653525
0.80975,392.2066296783758,70.50937521499824
0.81025,395.0649809328561,70.2335902687617
0.81075,397.92315508423707,69.95561430418232
0.81125,400.7963239646924,69.67588501891983
0.81175,403.6755219933663,69.3950086748338
0.81225,406.54927391348923,69.11925406653887
0.81275,409.41778329573674,68.83811807665904
0.81325,412.2721605358801,68.5620213024655
0.81375,415.1293513960951,68.28480356053002
0.81425,417.99478598390874,68.00215123078092
0.81475,420.8590140945078,67.72363740589611
0.81525,423.72389760705266,67.44411321234773
0.81575,426.59351247809064,67.16316022900386
0.81625,429.4705068457302,66.88187912301308
0.81675,432.3450889366311,66.60072433851863
0.81725,435.21012029863823,66.31715982238958
0.81775,438.07177255810836,66.04106663242544
0.81825,440.93184424269623,65.75784082597383
0.81875,443.79914763717227,65.47779022508831
0.81925,446.67144154398227,65.19791925734637
0.81975,449.53596727362896,64.9166980591897
0.82025,452.4066482772132,64.63434680470941
0.82075,455.28130145031037,64.34940562823881
0.82125,458.1543717268081,64.0683975637227
0.82175,461.0218953746373,63.78800464594438
0.82225,463.8809679552825,63.50836754917019
0.82275,466.7341175968596,63.23070088250352
0.82325,469.5910300392559,62.952455106773876
0.82375,472.4553744239632,62.6705196229029
0.82425,475.32713069636463,62.390476612150216
0.82475,478.19938428059396,62.10782338634377
0.82525,481.0684792626728,61.82573198849431
0.82575,483.934572452637,61.547667472365276
0.82625,486.8043384235415,61.26542838318121
0.82675,489.6672179301829,60.987136163067355
0.82725,492.52909517032623,60.7068512168308
0.82775,495.392198088913,60.42628593265261
0.82825,498.2600699527123,60.146103136953684
0.82875,501.13842120719255,59.8649418466311
0.82925,504.01671869823195,59.582148835878414
0.82975,506.8805947863016,59.30369517484411
0.83025,509.7434500090359,59.02353964489019
0.83075,512.6138129122618,58.74353964489019
0.83125,515.4815161942913,58.4656690988223
0.83175,518.347225359678,58.18708845366101
0.83225,521.2111078481572,57.90968061955963
0.83275,524.0835809664368,57.632519329237056
0.83325,526.9543420880898,57.35389567332307
0.83375,529.8173528407779,57.078798899129524
0.83425,532.679789589671,56.79995165055267
0.83475,535.5422268656566,56.524467779584924
0.83525,538.4065945051857,56.247828762687845
0.83575,541.266809558949,55.97306173759824
0.83625,544.1260747919239,55.6984085117918
0.83675,546.9919943048905,55.423951680672246
0.83725,549.8637915399136,55.14772433812232
0.83775,552.7371074791924,54.87096911990601
0.83825,555.616052691686,54.59312887413027
0.83875,558.4956225841593,54.31553747628082
0.83925,561.3610689060571,54.041758674437496
0.83975,564.2167678307883,53.7671780292762
0.84025,567.0741871856269,53.49388770669556
0.84075,569.9367256633836,53.21862141953554
0.84125,572.8037865952833,52.941914814312796
0.84175,575.6657568672631,52.66554384657086
0.84225,578.5225349010572,52.39001389265381
0.84275,581.3798741378272,52.116356713653175
0.84325,584.2475654724255,51.841194158308454
0.84375,587.1181165476944,51.56236620131921
0.84425,589.9840919701214,51.284532099936726
0.84475,592.8422864145659,51.0074057558507
0.84525,595.7086253802597,50.72898486491368
0.84575,598.5720527996145,50.45234776813949
0.84625,601.4299829071414,50.17408163910723
0.84675,604.2884071639409,49.89623533929698
0.84725,607.1437015827837,49.618256844673326
0.84775,610.0054900078312,49.33940010843044
0.84825,612.8646349131051,49.05995310382215
0.84875,615.7258296562353,48.781300774073046
0.84925,618.5995171957672,48.499729616577795
0.84975,621.4760136115378,48.21927262733048
0.85025,624.3443738265917,47.93535327249177
0.85075,627.2154132531149,47.65591241227672
0.85125,630.0861069069205,47.37402752929127
0.85175,632.9572762617593,47.093301722839655
0.85225,635.8238836305131,46.81171016686242
0.85275,638.6831443832014,46.53150317761511
0.85325,641.5415251548649,46.24933998975932
0.85375,644.3956982219412,45.969459805427526
0.85425,647.2548380068874,45.68949564772144
0.85475,650.1152834753973,45.40373527905784
0.85525,652.9858927943937,45.120552483358914
0.85575,655.8635609369196,44.834169181651134
0.85625,658.7347859000231,44.55042471612299
0.85675,661.6039143663502,44.266185084786585
0.85725,664.4752942946657,43.984104439625284
0.85775,667.345801207108,43.701354823649865
0.85825,670.2174225438148,43.41992956537452
0.85875,673.0816224173126,43.13723506822082
0.85925,675.9378186538718,42.857353347790706
0.85975,678.796631007336,42.573998994164704
0.86025,681.6662621303946,42.294057237892304
0.86075,684.533274569779,42.01400157691823
0.86125,687.4042781540084,41.734532042868054
0.86175,690.2780908780227,41.45538329734835
0.86225,693.1446508084464,41.17531688368611
0.86275,696.0128049303103,40.893682475083956
0.86325,698.8804519891337,40.613829533907484
0.86375,701.7476077818413,40.3339216998061
0.86425,704.6130419766473,40.05500074149635
0.86475,707.4717822809184,39.77579770544322
0.86525,710.3254979320534,39.499847884654685
0.86575,713.1867434517667,39.2234845974043
0.86625,716.0512058173581,38.94281793073763
0.86675,718.9175910165991,38.66661679221771
0.86725,721.7801313391798,38.386447437379
0.86775,724.6456555327281,38.10719890365466
0.86825,727.5148023581248,37.82277302039813
0.86875,730.3810895181501,37.54559465227669
0.86925,733.2438135324871,37.26257161080204
0.86975,736.1076128156412,36.98070781151888
0.87025,738.9806606907052,36.698822250843
0.87075,741.8522735939312,36.41228461643439
0.87125,744.7138169209393,36.12514299145596
0.87175,747.5696461812847,35.83799734140709
0.87225,750.426787644509,35.545850511596186
0.87275,753.286187286086,35.24682900621984
0.87325,756.1479355935332,34.942981933340505
0.87375,759.0052832637841,34.63431085531459
0.87425,761.8609746920879,34.316822627048374
0.87475,764.7216402635734,33.99494090661827
0.87525,767.5804930406774,33.663917380059935
0.87575,770.4317107596371,33.31961906189065
0.87625,773.2808862362792,32.96323386264966
0.87675,776.1285308855367,32.591131968128416
0.87725,778.9736793750401,32.20291896249606
0.87775,781.8198210575197,31.796902426849535
0.87825,784.6588831841624,31.371449619203183
0.87875,787.4911412486786,30.92376351498482
0.87925,790.3199412799023,30.450237374829094
0.87975,793.1448694905124,29.948369802672897
0.88025,795.9638241351886,29.418692383318056
0.88075,798.773176584412,28.856973386902283
0.88125,801.5716276852825,28.262956489820873
0.88175,804.3584060144802,27.635775348381664
0.88225,807.1309249312465,26.96611943440317
0.88275,809.8917621048255,26.258806070347873
0.88325,812.6376800657972,25.503533994753216
0.88375,815.3607993694327,24.708287297364585
0.88425,818.0650590882085,23.862696726644977
0.88475,820.7545288694469,22.96644056900951
0.88525,823.4220364514706,22.013967450729936
0.88575,826.0552629471971,21.009461660820925
0.88625,828.6569999199019,19.9513888733933
0.88675,831.2346183985956,18.83504044285132
0.88725,833.7871762350244,17.656997920857183
0.88775,836.3021846806224,16.420877128206914
0.88825,838.7819273841553,15.120447020680032
0.88875,841.2231360659555,13.756390867752913
0.88925,843.6254106730689,12.326465309440259
0.88975,845.9801846674934,10.838547149344679
0.89025,848.292363388812,9.282798596821932
0.89075,850.5533051352375,7.662876583351532
0.89125,852.768125648058,5.976002141664187
0.89175,854.9297423915295,4.228152679298597
0.89225,857.038229334694,2.4135904673170296
0.89275,859.0878389097068,0.5335597453508238
0.89325,861.074491551128,-1.405160951904235
0.89375,862.9987448366716,-3.39705760662347
0.89425,864.8624161116331,-5.456387631437365
0.89475,866.6607831243633,-7.576920631066583
0.89525,868.3829425459852,-9.756349911463605
0.89575,870.0363987671833,-11.985939354278855
0.89625,871.618412001261,-14.269147294725506
0.89675,873.1194370514797,-16.60812815257733
0.89725,874.5470649868917,-18.998077445920735
0.89775,875.8984542587111,-21.43519076271147
0.89825,877.1644557948094,-23.92056126962391
0.89875,878.346494823085,-26.44352838821515
0.89925,879.4490754682463,-29.005412259182897
0.89975,880.4645615950226,-31.600528433331327
0.90025,881.4027593075807,-34.22939811759589
0.90075,882.2373879262739,-36.89018521437009
0.90125,882.9945839560505,-39.583336579134354
0.90175,883.6608821739617,-42.3024387672688
0.90225,884.2428335877411,-45.04544282939544
0.90275,884.7309893388,-47.801887110920376
0.90325,885.1368987221288,-50.57977333461305
0.90375,885.4480482356976,-53.36460436379892
0.90425,885.6754675905363,-56.16604829621059
0.90475,885.7973327683693,-58.97568105055302
0.90525,885.8506481805557,-61.79070793227345
0.90575,885.8095739906034,-64.61049000153659
0.90625,885.6885009775949,-67.42926509740846
0.90675,885.4711433338362,-70.23872035687549
0.90725,885.1761281398203,-73.05148099268663
0.90775,884.7933917901485,-75.85302477148846
0.90825,884.3306969950728,-78.6450818074866
0.90875,883.7806736196637,-81.42600747368576
0.90925,883.1589122269347,-84.2050819744538
0.90975,882.4595778695358,-86.95844602975335
0.91025,881.6838318043963,-89.69165196710725
0.91075,880.8364858123798,-92.4107360106934
0.91125,879.91833425068,-95.11733704406862
0.91175,878.9217442815094,-97.7957466989299
0.91225,877.8616946537178,-100.44394710067868
0.91275,876.7388424085655,-103.07458625114953
0.91325,875.550633144711,-105.67130089134804
0.91375,874.3009557253562,-108.24296540747707
0.91425,872.9783750801948,-110.78361647413391
0.91475,871.6194954078958,-113.30937377060087
0.91525,870.1978550410942,-115.7967637999264
0.91575,868.7202950741794,-118.26164717461623
0.91625,867.1942789451471,-120.6866396477345
0.91675,865.6198932107045,-123.080498938349
0.91725,864.0002451168627,-125.43803559524049
0.91775,862.3249762996586,-127.75706140169211
0.91825,860.6213008353379,-130.05911712016717
0.91875,858.8627250025686,-132.31794861125672
0.91925,857.0535898724656,-134.5444518929213
0.91975,855.223549549885,-136.7529945196494
0.92025,853.356447888106,-138.9000502381245
0.92075,851.4400854093284,-141.02383348656818
0.92125,849.4974416505626,-143.11748566048124
0.92175,847.5031601256359,-145.16719240534925
0.92225,845.494264483851,-147.20588338244136
0.92275,843.4506902607758,-149.20237854742254
0.92325,841.3652552656634,-151.15129350343426
0.92375,839.2525995441883,-153.07247492410912
0.92425,837.1120724287136,-154.961799374787
0.92475,834.9340446584658,-156.81741336231752
0.92525,832.7324061536015,-158.6496099829012
0.92575,830.4946964242368,-160.43216569429285
0.92625,828.2321544547524,-162.17769929113078
0.92675,825.9434511777426,-163.89215397623065
0.92725,823.6351748662405,-165.56789060519304
0.92775,821.3088307802191,-167.2180442150241
0.92825,818.9473305242026,-168.82804882331902
0.92875,816.5624918145252,-170.41266172654483
0.92925,814.1558428581685,-171.94926590111788
0.92975,811.7425486255195,-173.464979745847
0.93025,809.2800595438653,-174.9270706467235
0.93075,806.8150610260655,-176.36761394044166
0.93125,804.3207138678472,-177.77213621386716
0.93175,801.8106033541077,-179.1395466081324
0.93225,799.284037889212,-180.47205346033564
0.93275,796.7349339465596,-181.78093629792815
0.93325,794.1677176980531,-183.0488108498995
0.93375,791.579294758985,-184.2817535022292
0.93425,788.9791364943106,-185.487090745631
0.93475,786.3704528840142,-186.65613277886655
0.93525,783.7290352685809,-187.77696532156108
0.93575,781.0897673774455,-188.886351029232
0.93625,778.4296513615993,-189.95767530767006
0.93675,775.748996712643,-190.99098460558275
0.93725,773.0719194887915,-192.00104977338987
0.93775,770.3707426668083,-192.96268418199202
0.93825,767.6487279526035,-193.89562136365583
0.93875,764.928182843064,-194.81442936779592
0.93925,762.2000835388262,-195.68706456703688
0.93975,759.4640986903414,-196.5333744399597
0.94025,756.7181665271536,-197.34680423123103
0.94075,753.9545003725196,-198.11682420050906
0.94125,751.1858372272011,-198.8775297277681
0.94175,748.4081734930858,-199.60198375571355
0.94225,745.6180560624123,-200.28872399340457
0.94275,742.82520211976,-200.95844557558584
0.94325,740.0177520429552,-201.59059611322022
0.94375,737.2057627956432,-202.1996928874138
0.94425,734.389568052513,-202.7753022064102
0.94475,731.5680427021352,-203.32686916935836
0.94525,728.7369346577444,-203.84774375966367
0.94575,725.9053390653479,-204.34932170833042
0.94625,723.0657172403869,-204.8219852457318
0.94675,720.2214264057735,-205.25938411925972
0.94725,717.3745745539217,-205.6855812518762
0.94775,714.5120745539216,-206.08053644900883
0.94825,711.6590279589396,-206.44807417377615
0.94875,708.8069371584618,-206.79721395872238
0.94925,705.9479660431339,-207.1193434126545
0.94975,703.0927859782763,-207.4214222657011
0.95025,700.2346019878344,-207.70751545566526
0.95075,697.3670814312245,-207.96133793089191
0.95125,694.4995620952502,-208.2067889778642
0.95175,691.6293519290723,-208.4308945497117
0.95225,688.755068021961,-208.63465437622295
0.95275,685.8845114122204,-208.8180530690334
0.95325,683.0175632781281,-208.98707014683225
0.95375,680.1515191355135,-209.13844535905633
0.95425,677.2792055505813,-209.28118834872532
0.95475,674.3979689914415,-209.40647598313396
0.95525,671.5215811743916,-209.52182711756828
0.95575,668.6465139700905,-209.61537550466505
0.95625,665.7687182711658,-209.70537550466503
0.95675,662.8923515479061,-209.7780749953272
0.95725,660.0201890628402,-209.84573892111254
0.95775,657.1415340920801,-209.90218864757927
0.95825,654.2642805078506,-209.9521537013427
0.95875,651.3863491202419,-209.99688488413838
0.95925,648.5010265395966,-210.02431499166528
0.95975,645.62720336158,-210.0488454576151
0.96025,642.7526136615234,-210.0717996172076
0.96075,639.8743087911881,-210.09126830790973
0.96125,636.9961285736191,-210.09726151673823
0.96175,634.1175538318944,-210.10310844905956
0.96225,631.244495289481,-210.1076962626796
0.96275,628.3725439928334,-210.108745598543
0.96325,625.5080278638011,-210.10269721144624
0.96375,622.6353523419795,-210.08990783763218
0.96425,619.7581908001321,-210.08677635300666
0.96475,616.8778025964634,-210.07699456932542
0.96525,613.9978892153404,-210.0655205549885
0.96575,611.1208282834407,-210.05064600301716
0.96625,608.2401233849939,-210.03308327900285
0.96675,605.3522380803345,-210.01599535996428
0.96725,602.4720719024263,-209.99530914295548
0.96775,599.5979687127633,-209.9805436238446
0.96825,596.7178532794933,-209.96037521777248
0.96875,593.8330335451479,-209.9402613657801
0.96925,590.9460499571456,-209.9192766459159
0.96975,588.0612351423308,-209.89072467458973
0.97025,585.179236407353,-209.86783030393826
0.97075,582.295372513748,-209.83680101701125
0.97125,579.4191001123144,-209.80797843636608
0.97175,576.5458324898532,-209.7808565725668
0.97225,573.6683414504266,-209.74777413529085
0.97275,570.7824394193633,-209.71141950741819
0.97325,567.9020451541303,-209.6732833067013
0.97375,565.024191211478,-209.6341247045508
0.97425,562.1490729921472,-209.58748333832688
0.97475,559.2798889314263,-209.54142894237498
0.97525,556.3934584022253,-209.49585272479118
0.97575,553.5131112979053,-209.44483065348385
0.97625,550.6359379195935,-209.38856036042037
0.97675,547.761648791756,-209.33133455396876
0.97725,544.8890771071681,-209.26865175826987
0.97775,542.0137274691051,-209.2006779020607
0.97825,539.1366524814039,-209.13138842282814
0.97875,536.2509551379503,-209.06458576628165
0.97925,533.3631467888042,-208.99034240764786
0.97975,530.4857085696003,-208.90769611449565
0.98025,527.614942440568,-208.81870417901177
0.98075,524.7446288204965,-208.72758321126986
0.98125,521.8708594059206,-208.63705274532003
0.98175,518.9904953606608,-208.5497873015081
0.98225,516.1166090319357,-208.448540351115
0.98275,513.2468240856992,-208.3433871253086
0.98325,510.38191037828074,-208.23239227575584
0.98375,507.5189399481732,-208.12134388865906
0.98425,504.64834222521307,-208.0040213080139
0.98475,501.772750494463,-207.8906946326918
0.98525,498.89948884571754,-207.76669463269184
0.98575,496.0247537097277,-207.63676104635408
0.98625,493.15230747316855,-207.50022878828955
0.98675,490.2762501254982,-207.369132014096
0.98725,487.4048940920454,-207.22660065208885
0.98775,484.5358976762749,-207.08093756965155
0.98825,481.6700195400741,-206.93605205415506
0.98875,478.8016682855938,-206.7905681831873
0.98925,475.926562678835,-206.63443339056056
0.98975,473.05863494322466,-206.48167959549414
0.99025,470.19038699888563,-206.3176568250957
0.99075,467.3287171696636,-206.1521946402217
0.99125,464.46209829272215,-205.98259607391347
0.99175,461.59050506761844,-205.80915099695795
0.99225,458.71803194933887,-205.64274239480744
0.99275,455.84224672013687,-205.4658620892047
0.99325,452.9643705517484,-205.29229472677588
0.99375,450.09764414792517,-205.11106712820958
0.99425,447.2379750510844,-204.92779338407695
0.99475,444.3733881806826,-204.74381842652176
0.99525,441.5058149148171,-204.55632190533262
0.99575,438.63742465548756,-204.37236317667987
0.99625,435.7622889668035,-204.17804059603472
0.99675,432.88707391304007,-203.9884276928089
0.99725,430.02944512675856,-203.78189385346673
0.99775,427.16980836882954,-203.5850383370666
0.99825,424.30559092557985,-203.38200518294474
0.99875,421.41702845758186,-203.17602976051774
0.99925,418.54518705973237,-202.977360405679
0.99975,415.6877569522055,-202.7679216960016
